user_id	smiles	start_time	end_time	undos	predictions_used	rubs	prediction_type	group_id	smiles_drawn
23	C(C1=CC=CC=C1)(C1=CC=CC=C1)=O	2017-03-15 14:57:28	2017-03-15 14:57:47	0	0	0	1	1	C1=CC=CC(C(=O)C2=CC=CC=C2)=C1
23	C(/N=N)1\\C(\\N=N)=C(\\N=N)/C(/N=N)=C(/N=N)\\C(\\N=N)=C(\\N=N)/C=1/N=N	2017-03-15 14:57:57	2017-03-15 14:58:27	0	1	0	2	1	C(/N=N)1\\C(\\N=N)=C(\\N=N)/C(/N=N)=C(/N=N)\\C(\\N=N)=C(\\N=N)/C=1/N=N
23	C1(=CC=CC=C1)C(=O)C(C1=CC=CC=C1)CC=C	2017-03-15 14:58:34	2017-03-15 14:59:09	0	0	0	1	1	C1=CC=CC=C1C(=O)C(CC=C)C1=CC=CC=C1
23	CCCCC(=O)NN	2017-03-15 14:59:14	2017-03-15 14:59:31	0	0	0	2	1	CCCCCC(=O)NN
23	C(C1=CC=CC=C1)(C1=CC=CC=C1)=O	2017-03-15 14:59:38	2017-03-15 14:59:52	0	0	1	0	1	C1=CC=CC(C(C2=CC=CC=C2)=O)=C1
23	C(/N=N)1\\C(\\N=N)=C(\\N=N)/C(/N=N)=C(/N=N)\\C(\\N=N)=C(\\N=N)/C=1/N=N	2017-03-15 14:59:57	2017-03-15 15:00:17	0	1	0	1	1	C(/N=N)1\\C(\\N=N)=C(\\N=N)/C(/N=N)=C(/N=N)\\C(\\N=N)=C(\\N=N)/C=1/N=N
23	O1C=CC=C1COCC1=CC=CO1	2017-03-15 15:00:22	2017-03-15 15:00:29	0	0	0	3	1	O1C=CC=C1COCC1=CC=CO1
23	O1C=CC=C1COCC1=CC=CO1	2017-03-15 15:00:37	2017-03-15 15:00:42	0	1	2	1	1	O1C=CC=C1COCC1=CC=CO1
23	C1=C(C(C)(C)C)C=C(C(C)(C)C)C=C1C=O	2017-03-15 15:00:47	2017-03-15 15:01:04	0	1	0	1	1	C(C=O)1=CC(C(C)(C)C)=CC(C(C)(C)C)=C1
23	CCCCC(=O)NN	2017-03-15 15:01:09	2017-03-15 15:01:20	0	1	3	1	1	CCCCC(=O)NN
23	C1=C(C(C)(C)C)C=C(C(C)(C)C)C=C1C=O	2017-03-15 15:01:26	2017-03-15 15:01:39	0	0	0	2	1	C1=C(C(C)(C)C)C=C(C(C)(C)C)C=C1C=O
23	C(S)CCCCC(N/N=C/C1=CC=CC=C1)=O	2017-03-15 15:01:45	2017-03-15 15:02:31	0	0	0	1	1	CCCCC(=O)N/N=C\\C1=CC=CC=C1
23	C(S)CCCCC(N/N=C/C1=CC=CC=C1)=O	2017-03-15 15:02:36	2017-03-15 15:03:09	0	0	0	2	1	SCCCCCC(=O)N/N=C/C1=CC=CC=C1
23	C1(=CC=CC=C1)C(=O)C(C1=CC=CC=C1)CC=C	2017-03-15 15:03:15	2017-03-15 15:03:38	0	0	0	3	1	C(C(C(C1=CC=CC=C1)=O)CC=C)1=CC=CC=C1
23	CCCCC(=O)NN	2017-03-15 15:03:46	2017-03-15 15:03:58	0	1	0	3	1	CCCCC(=O)NN
23	C(/N=N)1\\C(\\N=N)=C(\\N=N)/C(/N=N)=C(/N=N)\\C(\\N=N)=C(\\N=N)/C=1/N=N	2017-03-15 15:04:03	2017-03-15 15:04:18	0	1	0	3	1	C(/N=N)1\\C(\\N=N)=C(\\N=N)/C(/N=N)=C(/N=N)\\C(\\N=N)=C(\\N=N)/C=1/N=N
23	C(C1=CC=CC=C1)(C1=CC=CC=C1)=O	2017-03-15 15:04:23	2017-03-15 15:04:33	0	1	0	2	1	C(C1=CC=CC=C1)(C1=CC=CC=C1)=O
23	O1C=CC=C1COCC1=CC=CO1	2017-03-15 15:04:39	2017-03-15 15:05:04	0	1	0	2	1	O1C=CC=C1COCC1=CC=CO1
23	C1(=CC=CC=C1)C(=O)C(C1=CC=CC=C1)CC=C	2017-03-15 15:05:09	2017-03-15 15:05:43	0	0	0	2	1	C(CC(C1=CC=CC=C1)C(C1=CC=CC=C1)=O)=C
23	C1=C(C(C)(C)C)C=C(C(C)(C)C)C=C1C=O	2017-03-15 15:05:48	2017-03-15 15:06:04	0	0	0	3	1	C1=C(C(C)(C)C)C=C(C(C)(C)C)C=C1C=O
23	O1C=CC=C1COCC1=CC=CO1	2017-03-15 15:06:09	2017-03-15 15:06:40	0	0	0	0	1	O1C=CC=C1COCC1=COC=C1
23	C(C1=CC=CC=C1)(C1=CC=CC=C1)=O	2017-03-15 15:06:45	2017-03-15 15:07:01	0	0	0	3	1	C1=CC=CC(C(=O)C2=CC=CC=C2)=C1
23	C(/N=N)1\\C(\\N=N)=C(\\N=N)/C(/N=N)=C(/N=N)\\C(\\N=N)=C(\\N=N)/C=1/N=N	2017-03-15 15:07:06	2017-03-15 15:08:40	0	0	0	0	1	C(/N=N)1=C(/N=N)\\C(\\N=N)=C(\\N=N)/C(/N=N)=C(/N=N)\\C(\\N=N)=C/1\\N=N
23	C1(=CC=CC=C1)C(=O)C(C1=CC=CC=C1)CC=C	2017-03-15 15:08:46	2017-03-15 15:09:01	0	0	0	0	1	C1=CC=CC=C1C(=O)C(CC=C)C1=CC=CC=C1
23	C(S)CCCCC(N/N=C/C1=CC=CC=C1)=O	2017-03-15 15:09:06	2017-03-15 15:09:38	0	0	0	3	1	SCCCCCC(N/N=C/C1=CC=CC=C1)=O
23	C1=C(C(C)(C)C)C=C(C(C)(C)C)C=C1C=O	2017-03-15 15:09:44	2017-03-15 15:09:55	0	0	0	0	1	C1=C(C(C)(C)C)C=C(C(C)(C)C)C=C1C=O
23	C(S)CCCCC(N/N=C/C1=CC=CC=C1)=O	2017-03-15 15:10:00	2017-03-15 15:10:35	0	0	0	0	1	C(S)CCCCC(=O)N/N=C/C1=CC=CC=C1
23	CCCCC(=O)NN	2017-03-15 15:10:40	2017-03-15 15:10:52	0	0	0	0	1	CCCCC(=O)NN
15	C[C@H](C#C[Si](C)(C)C)O[Si](C)(C)C(C)(C)C	2017-03-15 15:20:48	2017-03-15 15:22:08	3	1	0	1	1	O([Si](C(C)(C)C)(C)C)[C@@H](C#C[Si](C)(C)C)C
15	CCCCCC(N/N=C/C1=CC=C(F)C=C1)=O	2017-03-15 15:22:17	2017-03-15 15:23:33	3	2	0	3	1	C(/C=N/NC(CCCCC)=O)1=CC=C(F)C=C1
15	N1=C([C@H]2O[C@@H](CCCCCCO)CCC2)C=CC([C@@H]2CCC[C@H](CCCCCCO)O2)=N1	2017-03-15 15:23:41	2017-03-15 15:24:46	2	2	2	1	1	N1=C([C@@H]2O[C@H](CCCCCCO)CCC2)C=CC([C@H]2CCC[C@@H](CCCCCCO)O2)=N1
15	C1=CC=NC2NC=C(C(=O)OCC)C(=O)C1=2	2017-03-15 15:24:55	2017-03-15 15:26:01	1	0	0	3	1	C1=CC=NC2NC=C(C(=O)OCC)C(C12)=O
15	CCCCCC(N/N=C/C1=CC=C(F)C=C1)=O	2017-03-15 15:26:11	2017-03-15 15:27:06	0	1	0	1	1	C1=C(F)C=CC(/C=N/NC(CCCCC)=O)=C1
15	O1C([C@H]2O[C@H](CCCCCO)CCC2)=CC=C1[C@@H]1CCC[C@@H](CCCCCO)O1	2017-03-15 15:27:19	2017-03-15 15:27:34	0	3	0	2	1	O1C([C@H]2O[C@H](CCCCCO)CCC2)=CC=C1[C@@H]1CCC[C@@H](CCCCCO)O1
15	O(C(=O)C1=CC=C(B(O)O)C=C1F)CCCCCCCCCCCSSCCCCCCCCCCCOC(=O)C1=CC=C(B(O)O)C=C1F	2017-03-15 15:27:49	2017-03-15 15:30:20	2	1	0	2	1	C(F)1=C(C(OCCCCCCCCCCCSSCCCCCCCCCCCOC(=O)C2=CC=C(B(O)O)C=C2F)=O)C=CC(B(O)O)=C1
15	O1C([C@H]2O[C@H](CCCCCO)CCC2)=CC=C1[C@@H]1CCC[C@@H](CCCCCO)O1	2017-03-15 15:30:28	2017-03-15 15:30:33	3	2	0	1	1	O1C([C@H]2O[C@H](CCCCCO)CCC2)=CC=C1[C@@H]1CCC[C@@H](CCCCCO)O1
15	O(C(=O)C1=CC=C(B(O)O)C=C1F)CCCCCCCCCCCSSCCCCCCCCCCCOC(=O)C1=CC=C(B(O)O)C=C1F	2017-03-15 15:30:40	2017-03-15 15:32:33	0	1	0	3	1	C(F)1=C(C(OCCCCCCCCCCCSSCCCCCCCCCCCOC(=O)C2=CC=C(B(O)O)C=C2F)=O)C=CC(B(O)O)=C1
15	C[C@H](C#C[Si](C)(C)C)O[Si](C)(C)C(C)(C)C	2017-03-15 15:32:44	2017-03-15 15:33:40	0	0	0	0	1	[C@H](C)(O[Si](C)(C)C(C)(C)C)C#C[Si](C)(C)C
15	C1=CC=NC2NC=C(C(=O)OCC)C(=O)C1=2	2017-03-15 15:33:46	2017-03-15 15:34:26	2	0	0	0	1	C1=CC=NC2NC=C(C(=O)OCC)C(=O)C1=2
15	CCCCCC(N/N=C/C1=CC=C(F)C=C1)=O	2017-03-15 15:34:35	2017-03-15 15:35:05	3	0	0	0	1	C1=C(/C=N/NC(=O)CCCCC)C=CC(F)=C1
15	N1=C([C@H]2O[C@@H](CCCCCCO)CCC2)C=CC([C@@H]2CCC[C@H](CCCCCCO)O2)=N1	2017-03-15 15:35:14	2017-03-15 15:36:12	0	0	0	0	1	N1=C([C@@H]2O[C@H](CCCCCCO)CCC2)C=CC([C@H]2CCC[C@@H](CCCCCCO)O2)=N1
15	CCCCCC(N/N=C/C1=CC=C(F)C=C1)=O	2017-03-15 15:36:18	2017-03-15 15:37:10	0	1	0	2	1	C(F)1=CC=C(/C=N/NC(CCCCC)=O)C=C1
15	O1C([C@H]2O[C@H](CCCCCO)CCC2)=CC=C1[C@@H]1CCC[C@@H](CCCCCO)O1	2017-03-15 15:37:18	2017-03-15 15:37:24	0	3	0	3	1	O1C([C@H]2O[C@H](CCCCCO)CCC2)=CC=C1[C@@H]1CCC[C@@H](CCCCCO)O1
15	C1=CC=NC2NC=C(C(=O)OCC)C(=O)C1=2	2017-03-15 15:37:30	2017-03-15 15:38:11	0	0	0	2	1	C1=CC=NC2NC=C(C(=O)OCC)C(=O)C1=2
15	O1C([C@H]2O[C@H](CCCCCO)CCC2)=CC=C1[C@@H]1CCC[C@@H](CCCCCO)O1	2017-03-15 15:38:17	2017-03-15 15:39:15	2	0	0	0	1	O1C([C@H]2O[C@H](CCCCCCO)CCC2)=CC=C1[C@@H]1CCC[C@@H](CCCCCCO)O1
15	N1=C([C@H]2O[C@@H](CCCCCCO)CCC2)C=CC([C@@H]2CCC[C@H](CCCCCCO)O2)=N1	2017-03-15 15:39:23	2017-03-15 15:39:37	0	3	0	2	1	N1=C([C@H]2O[C@@H](CCCCCCO)CCC2)C=CC([C@@H]2CCC[C@H](CCCCCCO)O2)=N1
15	C(CCCCC)[C@H](C#CC(CCCCCC)O)O	2017-03-15 15:39:47	2017-03-15 15:40:20	0	0	0	2	1	[C@@H](O)(CCCCCC)C#CC(O)CCCCCC
15	C[C@H](C#C[Si](C)(C)C)O[Si](C)(C)C(C)(C)C	2017-03-15 15:40:25	2017-03-15 15:40:42	0	1	0	2	1	C[C@H](C#C[Si](C)(C)C)O[Si](C)(C)C(C)(C)C
15	C(CCCCC)[C@H](C#CC(CCCCCC)O)O	2017-03-15 15:40:47	2017-03-15 15:41:15	4	0	0	0	1	C(CCCCC)[C@H](C#CC(CCCCCC)O)O
15	O(C(=O)C1=CC=C(B(O)O)C=C1F)CCCCCCCCCCCSSCCCCCCCCCCCOC(=O)C1=CC=C(B(O)O)C=C1F	2017-03-15 15:41:20	2017-03-15 15:43:08	3	0	0	1	1	C(F)1=C(C(OCCCCCCCCCCCSSCCCCCCCCCCCOC(=O)C2=CC=C(B(O)O)C=C2F)=O)C=CC(B(O)O)=C1.CC
15	C[C@H](C#C[Si](C)(C)C)O[Si](C)(C)C(C)(C)C	2017-03-15 15:43:14	2017-03-15 15:44:27	3	1	0	3	1	C[C@@H](O[Si](C)(C)C(C)(C)C)C#C[Si](C)(C)C
15	C1=CC=NC2NC=C(C(=O)OCC)C(=O)C1=2	2017-03-15 15:44:32	2017-03-15 15:45:04	3	0	0	1	1	C1=CC=NC2NC=C(C(=O)OCC)C(=O)C1=2
15	C(CCCCC)[C@H](C#CC(CCCCCC)O)O	2017-03-15 15:45:10	2017-03-15 15:45:49	3	0	0	3	1	C(CCCCC)[C@@H](O)C#CC(CCCCCC)O
15	N1=C([C@H]2O[C@@H](CCCCCCO)CCC2)C=CC([C@@H]2CCC[C@H](CCCCCCO)O2)=N1	2017-03-15 15:45:56	2017-03-15 15:46:05	3	3	0	3	1	N1=C([C@H]2O[C@@H](CCCCCCO)CCC2)C=CC([C@@H]2CCC[C@H](CCCCCCO)O2)=N1
15	C(CCCCC)[C@H](C#CC(CCCCCC)O)O	2017-03-15 15:46:10	2017-03-15 15:46:38	3	0	0	1	1	C(CCCCC)[C@@H](O)C#CC(CCCCCC)O
15	O(C(=O)C1=CC=C(B(O)O)C=C1F)CCCCCCCCCCCSSCCCCCCCCCCCOC(=O)C1=CC=C(B(O)O)C=C1F	2017-03-15 15:46:43	2017-03-15 15:48:29	3	0	1	0	1	C(F)1=C(C(OCCCCCCCCCCCSSCCCCCCCCCCCOC(=O)C2=CC=C(B(O)O)C=C2F)=O)C=CC(B(O)O)=C1
3	C1=CC=CC=C1C(O)(C)C	2017-03-15 15:51:52	2017-03-15 15:52:09	0	0	0	0	3	C1C(C(O)(C)C)=CC=CC=1
3	C1C(F)C(F)CC(F)C1F	2017-03-15 15:52:15	2017-03-15 15:52:39	0	0	0	1	3	C1C(F)C(F)CC(F)C1F
3	CC([C@@H](N)C(=O)O)C	2017-03-15 15:52:47	2017-03-15 15:53:37	0	0	0	2	3	C(C)(C)[C@@H](N)C(=O)O
3	C(=C)1CC(=C)C(=C)C1	2017-03-15 15:53:44	2017-03-15 15:53:54	0	2	0	3	3	C(=C)1CC(=C)C(=C)C1
3	C(CC)1=CC=CC=C1	2017-03-15 15:54:01	2017-03-15 15:54:07	0	2	0	2	3	C1=CC=CC=C1CC
3	C1=CC=CC=C1C(O)CCCCO	2017-03-15 15:54:12	2017-03-15 15:55:08	0	2	0	1	3	C1C=CC(C(CCCCO)O)=CC=1
3	C1=CC=CC=C1C(O)CCCCO	2017-03-15 15:55:14	2017-03-15 15:55:54	0	6	0	2	3	C1C(C(CCCCO)O)=CC=CC=1
3	C(CC)1=CC=CC=C1	2017-03-15 15:55:59	2017-03-15 15:56:06	0	2	0	3	3	C1=CC=CC=C1CC
3	CC([C@@H](N)C(=O)O)C	2017-03-15 15:56:13	2017-03-15 15:56:47	0	0	0	0	3	[C@H](C(C)C)(N)C(O)=O
3	C1=CC=CC=C1C(O)CCCCO	2017-03-15 15:56:53	2017-03-15 15:57:14	0	0	0	0	3	C1=CC=CC=C1C(O)CCCCO
3	C1=CC=CC=C1C(O)CCCCO	2017-03-15 15:57:22	2017-03-15 15:57:51	0	4	0	3	3	C1=CC=CC=C1C(O)CCCCO
3	P(C1=CC=CC=C1)(C1=CC=CC=C1)C1=CC=CC=C1	2017-03-15 15:57:57	2017-03-15 15:58:12	0	0	0	3	3	C1=CC=CC=C1P(C1=CC=CC=C1)C1=CC=CC=C1
3	P(C1=CC=CC=C1)(C1=CC=CC=C1)C1=CC=CC=C1	2017-03-15 15:58:18	2017-03-15 15:58:33	0	0	0	0	3	C1=CC=CC=C1P(C1=CC=CC=C1)C1=CC=CC=C1
3	CC([C@@H](N)C(=O)O)C	2017-03-15 15:58:39	2017-03-15 15:59:08	0	0	0	1	3	C(C(O)=O)(N)C(C)C
3	C1=CC=CC=C1C(O)(C)C	2017-03-15 15:59:14	2017-03-15 15:59:28	0	4	0	2	3	C1=CC=CC=C1C(O)(C)C
3	C(CC)1=CC=CC=C1	2017-03-15 15:59:34	2017-03-15 15:59:42	0	3	0	1	3	C(CC)1=CC=CC=C1
3	C1C(F)C(F)CC(F)C1F	2017-03-15 15:59:47	2017-03-15 15:59:54	0	1	0	3	3	C1C(F)C(F)CC(F)C1F
3	C1=CC=CC=C1C(O)(C)C	2017-03-15 16:00:00	2017-03-15 16:00:18	0	2	0	3	3	C1(C=CC=CC=1)C(C)(C)O
3	C(CC)1=CC=CC=C1	2017-03-15 16:00:23	2017-03-15 16:00:29	0	0	0	0	3	C(CC)1=CC=CC=C1
3	C(=C)1CC(=C)C(=C)C1	2017-03-15 16:00:35	2017-03-15 16:00:45	0	0	0	0	3	C(=C)1CC(=C)C(=C)C1
3	CC([C@@H](N)C(=O)O)C	2017-03-15 16:00:51	2017-03-15 16:01:38	0	1	0	3	3	[C@H](C(=O)O)(N)C(C)C
3	C(=C)1CC(=C)C(=C)C1	2017-03-15 16:01:44	2017-03-15 16:01:52	0	3	0	1	3	C(=C)1CC(=C)C(=C)C1
3	P(C1=CC=CC=C1)(C1=CC=CC=C1)C1=CC=CC=C1	2017-03-15 16:01:57	2017-03-15 16:02:11	0	0	0	2	3	C1=CC=CC(P(C2=CC=CC=C2)C2=CC=CC=C2)=C1
3	C1C(F)C(F)CC(F)C1F	2017-03-15 16:02:16	2017-03-15 16:02:30	0	0	0	0	3	C1C(F)C(F)CC(F)C1F
3	C(=C)1CC(=C)C(=C)C1	2017-03-15 16:02:35	2017-03-15 16:02:44	0	3	0	2	3	C(=C)1CC(=C)C(=C)C1
3	C1C(F)C(F)CC(F)C1F	2017-03-15 16:02:51	2017-03-15 16:03:03	0	3	0	2	3	C1C(F)C(F)CC(F)C1F
3	P(C1=CC=CC=C1)(C1=CC=CC=C1)C1=CC=CC=C1	2017-03-15 16:03:09	2017-03-15 16:03:22	0	1	0	1	3	C(P(C1=CC=CC=C1)C1=CC=CC=C1)1=CC=CC=C1
3	C1=CC=CC=C1C(O)(C)C	2017-03-15 16:03:27	2017-03-15 16:03:41	0	3	0	1	3	C(C(O)(C)C)1=CC=CC=C1
18	C1=CC(Cl)=NC(Cl)C1C(=O)/C(/C(=O)OCC)=C/N(C)C	2017-03-15 16:21:57	2017-03-15 16:23:13	2	0	0	1	3	C1=CC(Cl)=NC(Cl)=C1C(=O)/C(/C(=O)OCC)=C/N(C)C
18	C1=CC=CC=C1CC(C)NC	2017-03-15 16:23:25	2017-03-15 16:24:12	1	1	0	2	3	C1=CC=CC=C1CC(C)NC
18	C1=CC(Cl)=NC(Cl)C1C(=O)/C(/C(=O)OCC)=C/N(C)C	2017-03-15 16:24:22	2017-03-15 16:25:11	0	0	3	2	3	C1=CC(Cl)=NC(Cl)=C1C(=O)/C(=C/N(C)C)/C(=O)OCC
18	C1=C(C=O)C=CC(F)=C1	2017-03-15 16:25:20	2017-03-15 16:25:39	0	0	0	1	3	C1=C(C=O)C=CC(F)=C1
18	C1=CC=NC2NC=C(C(=O)OCC)C(=O)C1=2	2017-03-15 16:25:50	2017-03-15 16:26:32	1	0	0	0	3	C1=CC=NC2NC=C(C(=O)OCC)C(=O)C12
18	C1=CC(Cl)=NC(Cl)=C1C(/C(=C/NC(CO)C)/C(=O)OCC)=O	2017-03-15 16:26:44	2017-03-15 16:27:37	2	0	0	1	3	C1=CC(Cl)=NC(Cl)=C1C(=O)/C(=C/NC(CO)C)/C(=O)OCC
18	C1=CC=CC=C1CC(C)NC	2017-03-15 16:27:50	2017-03-15 16:28:05	2	0	2	1	3	C1=CC=CC=C1CC(NC)C
18	C1=C(C=O)C=CC(F)=C1	2017-03-15 16:28:11	2017-03-15 16:28:22	0	0	0	0	3	C1=C(C=O)C=CC(F)=C1
18	C1=CC(N2CCOCC2)=NC2N(C3CC3)C=C(C(=O)CC)C(=O)C1=2	2017-03-15 16:28:38	2017-03-15 16:30:12	4	0	0	3	3	C1=CC(N2CCOCC2)=NC2N(C3CC3)C=C(C(=O)CC)C(=O)C12
18	C(C(C)(C)C)1=CC(C(C)(C)C)=CC(C(C)(C)C)=C1	2017-03-15 16:30:25	2017-03-15 16:30:42	0	0	2	3	3	C(C(C)(C)C)1=CC(C(C)(C)C)=CC(C(C)(C)C)=C1
18	C1=CC(N2CCOCC2)=NC2N(C3CC3)C=C(C(=O)CC)C(=O)C1=2	2017-03-15 16:30:51	2017-03-15 16:31:56	5	1	0	2	3	C1=CC(N2CCOCC2)=NC2N(C3CC3)C=C(C(=O)CC)C(=O)C1=2
18	C1=CC(Cl)=NC(Cl)=C1C(/C(=C/NC(CO)C)/C(=O)OCC)=O	2017-03-15 16:32:04	2017-03-15 16:33:21	0	0	3	2	3	C1=CC(Cl)=NC(Cl)=C1C(=O)/C(/C(=O)OCC)=C/NC(CO)C
18	C1=CC=CC=C1CC(C)NC	2017-03-15 16:33:37	2017-03-15 16:33:53	4	0	0	0	3	C1=CC=CC=C1CC(C)NC
18	C1=C(C=O)C=CC(F)=C1	2017-03-15 16:34:14	2017-03-15 16:34:29	2	0	0	2	3	C1=C(C=O)C=CC(F)=C1
18	C1=CC(Cl)=NC(Cl)=C1C(/C(=C/NC(CO)C)/C(=O)OCC)=O	2017-03-15 16:34:40	2017-03-15 16:35:41	3	0	2	3	3	C1=CC(Cl)=NC(Cl)=C1C(=O)/C(=C/NC(CO)C)/C(=O)OCC
18	C(C(C)(C)C)1=CC(C(C)(C)C)=CC(C(C)(C)C)=C1	2017-03-15 16:35:52	2017-03-15 16:36:03	0	0	1	0	3	C(C(C)(C)C)1=CC(C(C)(C)C)=CC(C(C)(C)C)=C1
18	C1=C(C=O)C=CC(F)=C1	2017-03-15 16:36:08	2017-03-15 16:36:20	0	0	0	3	3	C1=C(C=O)C=CC(F)=C1
18	C1=CC=NC2NC=C(C(=O)OCC)C(=O)C1=2	2017-03-15 16:36:29	2017-03-15 16:37:58	1	2	3	2	3	C1=CC=NC2NC=C(C(=O)OCC)C(=O)C1=2
18	C1=CC(Cl)=NC(Cl)C1C(=O)/C(/C(=O)OCC)=C/N(C)C	2017-03-15 16:38:08	2017-03-15 16:38:31	0	1	1	3	3	C1=CC(Cl)=NC(Cl)=C1C(/C(=C/N(C)C)/C(=O)OCC)=O
18	C1=CC=NC2NC=C(C(=O)OCC)C(=O)C1=2	2017-03-15 16:38:42	2017-03-15 16:39:11	2	1	4	3	3	C1=CC=NC2NC=C(C(=O)OCC)C(=O)C1=2
18	C1=CC(Cl)=NC(Cl)C1C(=O)/C(/C(=O)OCC)=C/N(C)C	2017-03-15 16:39:36	2017-03-15 16:40:44	2	0	1	0	3	C1=CC(Cl)=NC(Cl)C1C(=O)/C(/C(=O)OCC)=C/N(C)C
18	C(C(C)(C)C)1=CC(C(C)(C)C)=CC(C(C)(C)C)=C1	2017-03-15 16:40:49	2017-03-15 16:41:02	0	0	5	1	3	C(C(C)(C)C)1=CC(C(C)(C)C)=CC(C(C)(C)C)=C1
18	C1=CC(Cl)=NC(Cl)=C1C(/C(=C/NC(CO)C)/C(=O)OCC)=O	2017-03-15 16:41:13	2017-03-15 16:42:09	15	0	0	0	3	C1=CC(Cl)=NC(Cl)=C1C(=O)/C(/C(=O)OCC)=C/NC(CO)C
18	C(C(C)(C)C)1=CC(C(C)(C)C)=CC(C(C)(C)C)=C1	2017-03-15 16:42:15	2017-03-15 16:42:24	0	0	1	2	3	C(C(C)(C)C)1=CC(C(C)(C)C)=CC(C(C)(C)C)=C1
18	C1=CC(N2CCOCC2)=NC2N(C3CC3)C=C(C(=O)CC)C(=O)C1=2	2017-03-15 16:42:37	2017-03-15 16:43:24	3	1	6	1	3	C1=CC(N2CCOCC2)=NC2N(C3CC3)C=C(C(=O)CC)C(=O)C1=2
18	C1=CC(N2CCOCC2)=NC2N(C3CC3)C=C(C(=O)CC)C(=O)C1=2	2017-03-15 16:43:39	2017-03-15 16:44:22	2	0	1	0	3	C1=CC(N2CCOCC2)=NC2N(C3CC3)C=C(C(=O)CC)C(=O)C1=2
18	C1=CC=NC2NC=C(C(=O)OCC)C(=O)C1=2	2017-03-15 16:44:32	2017-03-15 16:44:57	0	1	1	1	3	C1=CC=NC2NC=C(C(=O)OCC)C(=O)C1=2
18	C1=CC=CC=C1CC(C)NC	2017-03-15 16:45:05	2017-03-15 16:45:22	0	0	0	3	3	C1=CC=CC=C1CC(C)NC
12	CC(=O)CC(=O)OCC	2017-03-16 12:17:14	2017-03-16 12:17:54	1	0	0	0	2	CC(=O)CC(=O)COC
12	CC(=O)CC(=O)OCC	2017-03-16 12:17:59	2017-03-16 12:18:15	0	1	0	3	2	CC(=O)CC(=O)OCC
12	C(CC)1=CC=CC=C1	2017-03-16 12:18:19	2017-03-16 12:18:25	0	0	0	3	2	C(CC)1=CC=CC=C1
12	C(Cl)(Cl)(C)C	2017-03-16 12:18:30	2017-03-16 12:18:43	0	0	0	0	2	ClC(C)(C)Cl
12	C1=CC(C(F)(F)F)=CC=C1C(=O)CC(=O)C1=CC=C(C(F)(F)F)C=C1	2017-03-16 12:18:49	2017-03-16 12:19:39	1	0	0	3	2	C1(=CC=C(C(F)(F)F)C=C1)C(=O)CC(=O)C1=CC=C(C(F)(F)F)C=C1
12	C1=CC(C(F)(F)F)=CC=C1C(=O)CC(=O)C1=CC=C(C(F)(F)F)C=C1	2017-03-16 12:19:44	2017-03-16 12:20:24	0	0	0	1	2	C1(=CC=C(C(F)(F)F)C=C1)C(=O)CC(=O)C1=CC=C(C(F)(F)F)C=C1
12	C1CCCC2CC3CCCCC3CC12	2017-03-16 12:20:29	2017-03-16 12:20:36	0	0	0	2	2	C1CCCCC11CCCC2(CCCCC2)C1
12	C1=CC=CC=C1C(O)CCCCO	2017-03-16 12:20:45	2017-03-16 12:21:01	0	1	0	3	2	C1=CC=CC=C1C(O)CCCCO
12	C1=CC(C(F)(F)F)=CC=C1C(=O)CC(=O)C1=CC=C(C(F)(F)F)C=C1	2017-03-16 12:21:06	2017-03-16 12:21:59	3	1	0	2	2	C1=CC(C(F)(F)F)=CC=C1C(=O)CC(=O)C1=CC=C(C(F)(F)F)C=C1
12	C1=CC(C(F)(F)F)=CC=C1C(=O)CC(=O)C1=CC=C(C(F)(F)F)C=C1	2017-03-16 12:22:04	2017-03-16 12:22:38	0	0	0	0	2	C1=CC(C(F)(F)F)=CC=C1C(=O)CC(=O)C1=CC=C(C(F)(F)F)C=C1
12	C1=CC=CC=C1C(O)CCCCO	2017-03-16 12:22:41	2017-03-16 12:23:14	1	1	2	2	2	C1=CC=CC=C1C(O)CCCCO
12	C1=CC=CC=C1C(O)CCCCO	2017-03-16 12:23:17	2017-03-16 12:23:49	0	0	1	0	2	C1=CC=CC=C1C(O)CCCCO
12	C1=CC=CC=C1C(O)CCCCO	2017-03-16 12:23:52	2017-03-16 12:24:07	0	1	0	1	2	C1=CC=CC=C1C(O)CCCCO
12	C(N=CC=NC1=C(C)C=C(C)C=C1C)1=C(C)C=C(C)C=C1C	2017-03-16 12:24:13	2017-03-16 12:24:48	1	0	0	3	2	C(N=CC=NC1=C(C)C=C(C)C=C1C)1=C(C)C=C(C)C=C1C
12	C(Cl)(Cl)(C)C	2017-03-16 12:24:52	2017-03-16 12:25:09	1	0	0	1	2	ClC(C)(C)Cl
12	CC(=O)CC(=O)OCC	2017-03-16 12:25:13	2017-03-16 12:25:38	3	1	0	2	2	CC(=O)CC(=O)OCC
12	C1CCCC2CC3CCCCC3CC12	2017-03-16 12:25:42	2017-03-16 12:25:50	1	2	0	1	2	C1CCCC2CC3CCCCC3CC12
12	C(N=CC=NC1=C(C)C=C(C)C=C1C)1=C(C)C=C(C)C=C1C	2017-03-16 12:25:53	2017-03-16 12:26:20	0	0	0	0	2	C(C=NN=CC1=C(C)C=C(C)C=C1C)1=C(C)C=C(C)C=C1C
12	C(CC)1=CC=CC=C1	2017-03-16 12:26:24	2017-03-16 12:26:29	0	2	0	2	2	C(CC)1=CC=CC=C1
12	C(CC)1=CC=CC=C1	2017-03-16 12:26:32	2017-03-16 12:26:36	0	2	0	1	2	C(CC)1=CC=CC=C1
12	C(CC)1=CC=CC=C1	2017-03-16 12:26:40	2017-03-16 12:26:48	1	0	0	0	2	C(CC)1=CC=CC=C1
12	CC(=O)CC(=O)OCC	2017-03-16 12:26:52	2017-03-16 12:27:10	0	1	0	1	2	CC(=O)CC(=O)OCC
12	C(Cl)(Cl)(C)C	2017-03-16 12:27:13	2017-03-16 12:27:28	0	0	0	2	2	CC(Cl)(Cl)C
12	C(Cl)(Cl)(C)C	2017-03-16 12:27:32	2017-03-16 12:27:43	0	0	0	3	2	C(Cl)(Cl)(C)C
12	C1CCCC2CC3CCCCC3CC12	2017-03-16 12:27:46	2017-03-16 12:27:49	0	2	0	3	2	C1CCCC2CC3CCCCC3CC12
12	C(N=CC=NC1=C(C)C=C(C)C=C1C)1=C(C)C=C(C)C=C1C	2017-03-16 12:27:53	2017-03-16 12:28:49	0	0	1	2	2	C(C)1=CC(C)=C(N=CC=NC2=C(C)C=C(C)C=C2C)C(C)=C1
12	C1CCCC2CC3CCCCC3CC12	2017-03-16 12:28:53	2017-03-16 12:29:01	0	0	0	0	2	C1CCCCC11CCCC2(CCCCC2)C1
12	C(N=CC=NC1=C(C)C=C(C)C=C1C)1=C(C)C=C(C)C=C1C	2017-03-16 12:33:08	2017-03-16 12:33:35	0	0	0	3	2	C(N=CC=NC1=C(C)C=C(C)C=C1C)1=C(C)C=C(C)C=C1C
12	C1CCCCC11CCCC2(CCCCC2)C1	2017-03-16 12:35:14	2017-03-16 12:35:25	0	0	0	1	2	C1CCCCC11CCCC2(CCCCC2)C1
16	C1=CC(F)=CC(O)=C1C(=O)NN	2017-03-16 14:19:51	2017-03-16 14:20:30	0	1	0	3	1	C1=CC(F)=CC(O)=C1C(=O)NN
16	C1CCCC(=O)/C/1=C/C1=CC=C(F)C=C1	2017-03-16 14:20:39	2017-03-16 14:21:15	2	0	1	1	1	C(=O)1/C(=C/C2=CC=C(F)C=C2)/CCCC1
16	C1=C2N3CC(C(C)C)C(C4=CC=CC=C4)NC3SC2=CC(F)=C1	2017-03-16 14:21:30	2017-03-16 14:22:08	0	0	0	0	1	C1=C2N3CC(C(C)C)C(C4=CC=CC=C4)NC3SC2=CC(F)=C1
16	SCCCCCCCCCCCC(=O)NN	2017-03-16 14:22:28	2017-03-16 14:23:08	1	0	0	1	1	SCCCCCCCCCCCC(=O)NN
16	C1=CC=[N+]([O-])C=C1C#CC1=C(I)C=C(OC)C(OC)=C1	2017-03-16 14:23:23	2017-03-16 14:23:52	0	0	0	0	1	C1=CC=N(O)C=C1C#CC1=C(I)C=C(OC)C(OC)=C1
16	C1CCCC(=O)/C/1=C/C1=CC=C(F)C=C1	2017-03-16 14:24:01	2017-03-16 14:24:22	1	0	1	3	1	C(=O)1/C(=C/C2=CC=C(F)C=C2)/CCCC1
16	C(=O)1/C(=C/C2=CC=C(F)C=C2)/CCC/C/1=C\\C1=CC=C(O)C(C(=O)O)=C1	2017-03-16 14:24:31	2017-03-16 14:24:55	1	0	1	0	1	C(=O)1/C(=C/C2=CC=C(F)C=C2)/CCC/C/1=C\\C1=CC=C(O)C(C(=O)O)=C1
16	C1=CC(C2=C(C(C)C)C=CC=C2C(C)C)C([Au]Cl)C1C1=C(C(C)C)C=CC=C1C(C)C	2017-03-16 14:25:04	2017-03-16 14:26:18	0	0	1	1	1	C([Au]Cl)1C(C2=C(C(C)C)C=CC=C2C(C)C)C=CC1C1=C(C(C)C)C=CC=C1C(C)C
16	SCCCCCCCCCCCC(=O)NN	2017-03-16 14:26:31	2017-03-16 14:26:57	0	0	0	2	1	SCCCCCCCCCCCC(=O)NN
16	C1=CC(C2=C(C(C)C)C=CC=C2C(C)C)C([Au]Cl)C1C1=C(C(C)C)C=CC=C1C(C)C	2017-03-16 14:27:07	2017-03-16 14:27:34	2	0	0	2	1	C(CC)1C(C2=C(C(C)C)C=CC=C2C(C)C)C=CC1C1=C(C(C)C)C=CC=C1C(C)C
16	C1CCCC(=O)/C/1=C/C1=CC=C(F)C=C1	2017-03-16 14:27:44	2017-03-16 14:27:59	0	0	0	0	1	C(=O)1/C(=C/C2=CC=C(F)C=C2)/CCCC1
16	C1=CC=[N+]([O-])C=C1C#CC1=C(I)C=C(OC)C(OC)=C1	2017-03-16 14:28:09	2017-03-16 14:30:15	0	0	0	1	1	C1C(C#CC2C=C(OC)C(OC)=CC=2I)=C[N+]([O-])=CC=1
16	C1=CC=[N+]([O-])C=C1C#CC1=C(I)C=C(OC)C(OC)=C1	2017-03-16 14:32:02	2017-03-16 14:34:03	0	2	0	3	1	C1C(C#CC2C=C(OC)C(OC)=CC=2I)=C[N+]([O-])=CC=1
16	SCCCCCCCCCCCC(=O)NN	2017-03-16 14:34:12	2017-03-16 14:34:27	0	0	0	3	1	SCCCCCCCCCCCC(=O)NN
16	C(=O)1/C(=C/C2=CC=C(F)C=C2)/CCC/C/1=C\\C1=CC=C(O)C(C(=O)O)=C1	2017-03-16 14:34:35	2017-03-16 14:35:12	4	1	1	2	1	C(=O)1/C(=C/C2=CC=C(F)C=C2)/CCC/C/1=C\\C1=CC=C(O)C(C(=O)O)=C1
16	C1=CC=[N+]([O-])C=C1C#CC1=C(I)C=C(OC)C(OC)=C1	2017-03-16 14:35:22	2017-03-16 14:35:48	0	0	0	2	1	C1C(C#CC2C=C(OC)C(OC)=CC=2I)=C[N+]([O-])=CC=1
16	C1=CC(C2=C(C(C)C)C=CC=C2C(C)C)C([Au]Cl)C1C1=C(C(C)C)C=CC=C1C(C)C	2017-03-16 14:35:56	2017-03-16 14:36:29	1	0	0	0	1	C([Au]Cl)1C(C2=C(C(C)C)C=CC=C2C(C)C)C=CC1C1=C(C(C)C)C=CC=C1C(C)C
16	C1=C2N3CC(C(C)C)C(C4=CC=CC=C4)NC3SC2=CC(F)=C1	2017-03-16 14:36:37	2017-03-16 14:37:05	3	1	0	1	1	C1=C2N3CC(C(C)C)C(C4=CC=CC=C4)NC3SC2=CC(F)=C1
16	C1CCCC(=O)/C/1=C/C1=CC=C(F)C=C1	2017-03-16 14:37:13	2017-03-16 14:37:33	1	0	2	2	1	C(=O)1/C(=C/C2=CC=C(F)C=C2)/CCCC1
16	C1=CC(C2=C(C(C)C)C=CC=C2C(C)C)C([Au]Cl)C1C1=C(C(C)C)C=CC=C1C(C)C	2017-03-16 14:37:44	2017-03-16 14:38:07	0	0	0	3	1	C([Au]Cl)1C(C2=C(C(C)C)C=CC=C2C(C)C)C=CC1C1=C(C(C)C)C=CC=C1C(C)C
16	C1=CC(F)=CC(O)=C1C(=O)NN	2017-03-16 14:38:16	2017-03-16 14:38:32	1	0	0	2	1	C1=CC(F)=CC(O)=C1C(=O)NN
16	C1=CC(F)=CC(O)=C1C(=O)NN	2017-03-16 14:38:41	2017-03-16 14:38:53	0	0	0	1	1	C1=CC(F)=CC(O)=C1C(=O)NN
16	C(=O)1/C(=C/C2=CC=C(F)C=C2)/CCC/C/1=C\\C1=CC=C(O)C(C(=O)O)=C1	2017-03-16 14:39:01	2017-03-16 14:39:27	1	0	1	3	1	C(=O)1/C(=C/C2=CC=C(F)C=C2)/CCC/C/1=C\\C1=CC=C(O)C(C(=O)O)=C1
16	C(=O)1/C(=C/C2=CC=C(F)C=C2)/CCC/C/1=C\\C1=CC=C(O)C(C(=O)O)=C1	2017-03-16 14:39:36	2017-03-16 14:40:00	2	0	1	1	1	C(=O)1/C(=C/C2=CC=C(F)C=C2)/CCC/C/1=C\\C1=CC=C(O)C(C(=O)O)=C1
16	C1=C2N3CC(C(C)C)C(C4=CC=CC=C4)NC3SC2=CC(F)=C1	2017-03-16 14:40:08	2017-03-16 14:40:24	0	1	0	3	1	C1=C2N3CC(C(C)C)C(C4=CC=CC=C4)NC3SC2=CC(F)=C1
16	SCCCCCCCCCCCC(=O)NN	2017-03-16 14:40:32	2017-03-16 14:40:47	0	0	0	0	1	SCCCCCCCCCCCC(=O)NN
16	C1=C2N3CC(C(C)C)C(C4=CC=CC=C4)NC3SC2=CC(F)=C1	2017-03-16 14:40:55	2017-03-16 14:41:22	0	0	0	2	1	C1=C(F)C=CC2N3CC(C(C)C)C(C4=CC=CC=C4)NC3SC12
16	C1=CC(F)=CC(O)=C1C(=O)NN	2017-03-16 14:41:30	2017-03-16 14:41:41	2	0	0	0	1	C1=CC(F)=CC(O)=C1C(=O)NN
21	C1=CC=CC=C1C(C)(C)C	2017-03-16 14:42:39	2017-03-16 14:42:43	0	0	0	0	1	C1=CC=CC=C1C(C)(C)C
21	C1=CC=CC=C1C(=O)CC(=O)C1=CC=CC=C1	2017-03-16 14:42:50	2017-03-16 14:43:03	0	0	0	0	1	C1=CC=CC=C1C(=O)CC(=O)C1=CC=CC=C1
21	C1=CC(C(F)(F)F)=CC=C1C(=O)CC(=O)C1=CC=C(C(F)(F)F)C=C1	2017-03-16 14:43:11	2017-03-16 14:43:52	0	2	1	1	1	C1=CC(C(F)(F)F)=CC=C1C(=O)CC(=O)C1=CC=C(C(F)(F)F)C=C1
25	C1(/C=C\\C/C=C\\S/C=C/1)B1CC(C)(C)C(C)(C)C1	2017-03-16 14:43:47	2017-03-16 14:46:08	2	0	4	0	1	C(B1CC(C)(C)C(C)(C)C1)1/C=C/C=C\\SC/C=C\\1
21	C1=CC=CC=C1C(=O)CC(=O)C1=CC=CC=C1	2017-03-16 14:44:00	2017-03-16 14:44:44	0	1	3	2	1	C1=CC=CC=C1C(=O)CC(=O)C1=CC=CC=C1
21	C(N)1=CC=C(C)N=C1	2017-03-16 14:44:53	2017-03-16 14:45:22	0	0	0	3	1	C(N)1=CC=C(C)N=C1
21	C(CC)1=CC=CC=C1	2017-03-16 14:45:30	2017-03-16 14:45:32	0	0	0	0	1	C1=CC=CC=C1CC
21	C1=CC(OC)=CC=C1C(=O)CC(=O)C1=CC=C(OC)C=C1	2017-03-16 14:45:40	2017-03-16 14:46:03	0	0	0	0	1	C1=CC(OC)=CC=C1C(=O)CC(=O)C1=CC=C(OC)C=C1
21	C1=CC=CC=C1C(C)(C)C	2017-03-16 14:46:10	2017-03-16 14:46:21	0	1	1	3	1	C1=CC=CC=C1C(C)(C)C
25	O1N=C(CP(CCCC)(CCCC)=O)C=C1	2017-03-16 14:46:18	2017-03-16 14:47:42	3	0	0	1	1	P(CC1=NOC=C1)(CCCC)(CCCC)=O
21	C(CC)1=CC=CC=C1	2017-03-16 14:46:29	2017-03-16 14:46:31	0	1	0	2	1	C1=CC=CC=C1CC
21	C(CC1=CC(C)=CC(C)=C1)1=CC(CC2=CC(C)=CC(C)=C2)=CC(CC2=CC(C)=CC(C)=C2)=C1	2017-03-16 14:46:42	2017-03-16 14:47:11	0	1	0	3	1	C(CC1=CC(C)=CC(C)=C1)1=CC(CC2=CC(C)=CC(C)=C2)=CC(CC2=CC(C)=CC(C)=C2)=C1
21	C(N)1=CC=C(C)N=C1	2017-03-16 14:47:19	2017-03-16 14:47:26	0	0	0	0	1	C(N)1=CC=C(C)N=C1
21	C1=CC(OC)=CC=C1C(=O)CC(=O)C1=CC=C(OC)C=C1	2017-03-16 14:47:34	2017-03-16 14:47:58	0	4	1	3	1	C1=CC(OC)=CC=C1C(=O)CC(=O)C1=CC=C(OC)C=C1
25	C(Br)1=CC=CC=C1C#CC(O)(C)C	2017-03-16 14:47:44	2017-03-16 14:48:18	0	0	0	0	1	C(Br)1=CC=CC=C1C#CC(O)(C)C
21	C1=CC(OC)=CC=C1C(=O)CC(=O)C1=CC=C(OC)C=C1	2017-03-16 14:48:08	2017-03-16 14:48:20	0	4	0	2	1	C1=CC(OC)=CC=C1C(=O)CC(=O)C1=CC=C(OC)C=C1
21	C(CC)1=CC=CC=C1	2017-03-16 14:48:28	2017-03-16 14:48:30	0	1	0	1	1	C1=CC=CC=C1CC
25	[Co]12345(C6=C1C2=C3C4=C65)12345C6=C1C2=C3C4=C65	2017-03-16 14:48:29	2017-03-16 14:50:44	6	0	1	0	1	C12[Co]3456C=1=C3=C4=C5=C=26
21	C1=CC(C(F)(F)F)=CC=C1C(=O)CC(=O)C1=CC=C(C(F)(F)F)C=C1	2017-03-16 14:48:38	2017-03-16 14:48:46	0	4	0	2	1	C1=CC(C(F)(F)F)=CC=C1C(=O)CC(=O)C1=CC=C(C(F)(F)F)C=C1
21	C1=CC=CC=C1C(C)(C)C	2017-03-16 14:48:54	2017-03-16 14:48:59	0	0	0	1	1	C(C(C)(C)C)1=CC=CC=C1
21	C1=CC(C(F)(F)F)=CC=C1C(=O)CC(=O)C1=CC=C(C(F)(F)F)C=C1	2017-03-16 14:49:07	2017-03-16 14:49:21	0	4	1	3	1	C1=CC(C(F)(F)F)=CC=C1C(=O)CC(=O)C1=CC=C(C(F)(F)F)C=C1
21	C1=CC=CC=C1C(C)(C)C	2017-03-16 14:49:29	2017-03-16 14:49:35	0	4	0	2	1	C1=CC=CC=C1C(C)(C)C
21	C(CC1=CC(C)=CC(C)=C1)1=CC(CC2=CC(C)=CC(C)=C2)=CC(CC2=CC(C)=CC(C)=C2)=C1	2017-03-16 14:49:44	2017-03-16 14:50:26	0	2	0	1	1	C1=C(CC2=CC(C)=CC(C)=C2)C=C(CC2=CC(C)=CC(C)=C2)C=C1CC1=CC(C)=CC(C)=C1
21	C(N)1=CC=C(C)N=C1	2017-03-16 14:50:34	2017-03-16 14:50:44	0	2	0	1	1	C1=CC(C)=NC=C1N
25	[Co]12345(C6=C1C2=C3C4=C65)12345C6=C1C2=C3C4=C65	2017-03-16 14:50:43	2017-03-16 14:51:34	4	0	0	3	1	C12[Co]3456C(=C3=C=14)=C5=C=26
21	C(CC1=CC(C)=CC(C)=C1)1=CC(CC2=CC(C)=CC(C)=C2)=CC(CC2=CC(C)=CC(C)=C2)=C1	2017-03-16 14:50:52	2017-03-16 14:51:10	0	0	0	0	1	C(CC1=CC(C)=CC(C)=C1)1=CC(CC2=CC(C)=CC(C)=C2)=CC(CC2=CC(C)=CC(C)=C2)=C1
21	C1=CC=CC=C1C(=O)CC(=O)C1=CC=CC=C1	2017-03-16 14:51:18	2017-03-16 14:51:24	0	6	0	3	1	C1=CC=CC=C1C(=O)CC(=O)C1=CC=CC=C1
21	C(N)1=CC=C(C)N=C1	2017-03-16 14:51:32	2017-03-16 14:51:38	0	0	0	2	1	C(N)1=CC=C(C)N=C1
25	C1=CC=NC=C1C#CC1=C(I)C=C(OCCCC)C(OCCCC)=C1	2017-03-16 14:51:37	2017-03-16 14:53:12	0	1	0	1	1	C1=CC=NC=C1C#CC1=C(I)C=C(OCCC)C(OCCC)=C1
21	C1=CC(OC)=CC=C1C(=O)CC(=O)C1=CC=C(OC)C=C1	2017-03-16 14:51:46	2017-03-16 14:51:54	0	8	0	1	1	C1=CC(OC)=CC=C1C(=O)CC(=O)C1=CC=C(OC)C=C1
21	C(CC1=CC(C)=CC(C)=C1)1=CC(CC2=CC(C)=CC(C)=C2)=CC(CC2=CC(C)=CC(C)=C2)=C1	2017-03-16 14:52:02	2017-03-16 14:52:32	0	2	1	2	1	C1=C(CC2=CC(C)=CC(C)=C2)C=C(CC2=CC(C)=CC(C)=C2)C=C1CC1=CC(C)=CC(C)=C1
21	C1=CC(C(F)(F)F)=CC=C1C(=O)CC(=O)C1=CC=C(C(F)(F)F)C=C1	2017-03-16 14:52:39	2017-03-16 14:53:04	0	0	0	0	1	C1=CC(C(F)(F)F)=CC=C1C(=O)CC(=O)C1=CC=C(C(F)(F)F)C=C1
21	C(CC)1=CC=CC=C1	2017-03-16 14:53:12	2017-03-16 14:53:11	0	2	0	3	1	C1=CC=CC=C1CC
21	C1=CC=CC=C1C(=O)CC(=O)C1=CC=CC=C1	2017-03-16 14:53:19	2017-03-16 14:53:25	0	6	0	1	1	C1=CC=CC=C1C(=O)CC(=O)C1=CC=CC=C1
25	C1(/C=C\\C/C=C\\S/C=C/1)B1CC(C)(C)C(C)(C)C1	2017-03-16 14:53:31	2017-03-16 14:54:48	1	0	4	3	1	C1/C(B2CC(C)(C)C(C)(C)C2)/C=C\\C/C=C\\S/C=1
25	[Co]12345(C6=C1C2=C3C4=C65)12345C6=C1C2=C3C4=C65	2017-03-16 14:54:48	2017-03-16 14:55:22	0	0	0	2	1	C12[Co]3456C=1=C3=C4=C5=C=26
25	[C@@H](C1CCCCC(=O)NC1)1CCC2(CCC[C@@H]2CCCN)C1.[H]Cl	2017-03-16 14:55:34	2017-03-16 14:58:21	3	0	2	3	1	C1CCCC(=O)NC[C@@H]1C1CCC2(CCC[C@@H]2CCCN)C1.Cl[H]
25	C(Br)1=CC=CC=C1C#CC(O)(C)C	2017-03-16 14:58:23	2017-03-16 14:58:49	0	1	0	3	1	C(Br)1=CC=CC=C1C#CC(O)(C)C
8	C1=C(C=O)C=CC(F)=C1	2017-03-16 14:58:27	2017-03-16 14:58:58	1	1	0	3	2	C1=C(C=O)C=CC(F)=C1
25	[C@@H](C1CCCCC(=O)NC1)1CCC2(CCC[C@@H]2CCCN)C1.[H]Cl	2017-03-16 14:58:50	2017-03-16 15:00:06	1	0	0	0	1	C1CCCC(=O)NC[C@@H]1C1CCC2(CCC[C@@H]2CCCN)C1.[H]Cl
8	C(=C)1C=CC(=C)C=C1	2017-03-16 14:59:09	2017-03-16 14:59:15	0	1	0	3	2	C(=C)1C=CC(=C)C=C1
8	C1=CC(C(C)(C)C)=CC=C1[N+]([O-])=O	2017-03-16 14:59:26	2017-03-16 14:59:36	0	3	0	3	2	C1=CC(C(C)(C)C)=CC=C1[N+]([O-])=O
8	C1=CC(C(C)(C)C)=CC=C1[N+]([O-])=O	2017-03-16 14:59:48	2017-03-16 15:00:23	0	0	0	0	2	C1=CC(C(C)(C)C)=CC=C1[N+](=O)[O-]
25	O1N=C(CP(CCCC)(CCCC)=O)C=C1	2017-03-16 15:00:09	2017-03-16 15:01:26	3	0	1	3	1	P(CC1=NOC=C1)(CCCC)(CCCC)=O
8	C1=C(C=O)C=CC(F)=C1	2017-03-16 15:00:31	2017-03-16 15:00:40	0	0	0	1	2	C1=C(C=O)C=CC(F)=C1
8	C1=CC(C)=CC=C1C(=O)[H]	2017-03-16 15:00:48	2017-03-16 15:00:53	0	2	0	3	2	C1=CC(C)=CC=C1C(=O)[H]
8	C1=CC(C)=CC=C1C(=O)[H]	2017-03-16 15:01:01	2017-03-16 15:01:29	2	3	0	2	2	C1=CC(C)=CC=C1C(=O)[H]
25	C1=CC=NC=C1C#CC1=C(I)C=C(OCCCC)C(OCCCC)=C1	2017-03-16 15:01:26	2017-03-16 15:02:43	1	1	1	3	1	C1=CC=NC=C1C#CC1=C(I)C=C(OCCCC)C(OCCCC)=C1
8	C1=C(C=O)C=CC(F)=C1	2017-03-16 15:01:37	2017-03-16 15:01:41	0	0	0	0	2	C1=C(C=O)C=CC(F)=C1
8	C1=CC=CC=C1/C=[N+](\\[O-])/C1=CC=CC=C1	2017-03-16 15:01:49	2017-03-16 15:02:01	0	5	0	1	2	C1=CC=CC=C1/C=[N+](\\[O-])/C1=CC=CC=C1
8	C(=C)1C=CC(=C)C=C1	2017-03-16 15:02:08	2017-03-16 15:02:26	5	0	0	0	2	C(=C)1C=CC(=C)C=C1
8	C1=CC=NC=C1C(=O)CCC(=O)O	2017-03-16 15:02:34	2017-03-16 15:02:48	0	1	0	1	2	C1=CC=NC=C1C(=O)CCC(=O)O
25	O1N=C(CP(CCCC)(CCCC)=O)C=C1	2017-03-16 15:02:43	2017-03-16 15:03:34	0	0	0	0	1	P(CCCC)(CCCC)(CC1=NOC=C1)=O
8	C1=CC=NC=C1C(=O)CCC(=O)O	2017-03-16 15:02:56	2017-03-16 15:03:03	0	1	0	3	2	C1=CC=NC=C1C(=O)CCC(=O)O
8	C1=CC(C(C)(C)C)=CC=C1[N+]([O-])=O	2017-03-16 15:03:10	2017-03-16 15:03:21	0	2	0	2	2	C1=CC(C(C)(C)C)=CC=C1[N+]([O-])=O
8	C1=CC=NC=C1C(=O)CCC(=O)O	2017-03-16 15:03:29	2017-03-16 15:03:48	1	0	0	0	2	C1=CC=NC=C1C(=O)CCC(=O)O
25	C1=CC(N2CCOCC2)=NC2N(C3CC3)C=C(C(=O)CC)C(=O)C1=2	2017-03-16 15:03:37	2017-03-16 15:04:44	1	0	1	3	1	C1=CC(N2CCOCC2)=NC2N(C3CC3)C=C(C(=O)CC)C(=O)C12
8	C1=C(C=O)C=CC(F)=C1	2017-03-16 15:03:55	2017-03-16 15:04:01	0	0	0	2	2	C1=C(C=O)C=CC(F)=C1
8	C1=CC=CC=C1/C=[N+](\\[O-])/C1=CC=CC=C1	2017-03-16 15:04:09	2017-03-16 15:04:23	0	5	0	3	2	C1=CC=CC=C1/C=[N+](\\[O-])/C1=CC=CC=C1
8	C(=C)1C=CC(=C)C=C1	2017-03-16 15:04:31	2017-03-16 15:04:34	0	0	0	2	2	C(=C)1C=CC(=C)C=C1
8	C1=CC(C)=CC=C1C(=O)[H]	2017-03-16 15:04:42	2017-03-16 15:04:49	0	1	0	1	2	C1=CC(C)=CC=C1C(=O)[H]
25	C(Br)1=CC=CC=C1C#CC(O)(C)C	2017-03-16 15:04:43	2017-03-16 15:05:11	0	0	0	1	1	C(Br)1=CC=CC=C1C#CC(O)(C)C
8	C1=CC(C(C)(C)C)=CC=C1[N+]([O-])=O	2017-03-16 15:04:56	2017-03-16 15:05:03	0	2	0	1	2	C1=CC(C(C)(C)C)=CC=C1[N+]([O-])=O
25	C1=CC(N2CCOCC2)=NC2N(C3CC3)C=C(C(=O)CC)C(=O)C1=2	2017-03-16 15:05:11	2017-03-16 15:06:18	0	0	0	1	1	C1=CC(N2CCOCC2)=NC2N(C3CC3)CC(C(=O)CC)C(=O)C12
8	C(F)1=CC(F)=C(C2=CC=CC=N2)C=C1	2017-03-16 15:05:12	2017-03-16 15:05:34	1	0	0	0	2	C(C1=CC=C(F)C=C1F)1=CC=CC=N1
8	C(F)1=CC(F)=C(C2=CC=CC=N2)C=C1	2017-03-16 15:05:42	2017-03-16 15:06:05	2	0	0	2	2	C(C1=CC=C(F)C=C1F)1=CC=CC=N1
8	C(F)1=CC(F)=C(C2=CC=CC=N2)C=C1	2017-03-16 15:06:12	2017-03-16 15:06:32	1	0	0	1	2	C(C1=CC=C(F)C=C1F)1=CC=CC=N1
25	C1(/C=C\\C/C=C\\S/C=C/1)B1CC(C)(C)C(C)(C)C1	2017-03-16 15:06:17	2017-03-16 15:07:07	1	0	1	2	1	C1/C(B2CC(C)(C)C(C)(C)C2)/C=C\\C/C=C\\S/C=1
8	C(F)1=CC(F)=C(C2=CC=CC=N2)C=C1	2017-03-16 15:06:40	2017-03-16 15:06:54	0	0	0	3	2	C(C1=CC=C(F)C=C1F)1=CC=CC=N1
8	C1=CC=CC=C1/C=[N+](\\[O-])/C1=CC=CC=C1	2017-03-16 15:07:02	2017-03-16 15:07:16	1	5	0	2	2	C1=CC=CC=C1/C=[N+](\\[O-])/C1=CC=CC=C1
25	C1=CC=NC=C1C#CC1=C(I)C=C(OCCCC)C(OCCCC)=C1	2017-03-16 15:07:09	2017-03-16 15:08:20	0	1	1	2	1	C1=CC=NC=C1C#CC1=C(I)C=C(OCCCC)C(OCCCC)=C1
8	C1=CC=CC=C1/C=[N+](\\[O-])/C1=CC=CC=C1	2017-03-16 15:07:24	2017-03-16 15:07:47	0	0	0	0	2	C1=CC=CC=C1/C=[N+](\\[O-])/C1=CC=CC=C1
8	C1=CC=NC=C1C(=O)CCC(=O)O	2017-03-16 15:07:55	2017-03-16 15:08:13	0	4	0	2	2	C1=CC=CC=C1C(=O)CCC(=O)O
8	C(=C)1C=CC(=C)C=C1	2017-03-16 15:08:34	2017-03-16 15:08:38	0	1	0	1	2	C(=C)1C=CC(=C)C=C1
25	C(Br)1=CC=CC=C1C#CC(O)(C)C	2017-03-16 15:09:13	2017-03-16 15:09:32	0	0	0	2	1	C(Br)1=CC=CC=C1C#CC(O)(C)C
25	C1=CC(N2CCOCC2)=NC2N(C3CC3)C=C(C(=O)CC)C(=O)C1=2	2017-03-16 15:09:14	2017-03-16 15:09:14	2	0	0	2	1	C1=CC(N2CCOCC2)=NC2N(C3CC3)C=C(C(=O)CC)C(=O)C12
25	[C@@H](C1CCCCC(=O)NC1)1CCC2(CCC[C@@H]2CCCN)C1.[H]Cl	2017-03-16 15:09:36	2017-03-16 15:10:40	0	0	0	1	1	C1CCCC(=O)NC[C@@H]1C1CCC2(CCC[C@@H]2CCCN)C1.[H]Cl
25	C1=CC(N2CCOCC2)=NC2N(C3CC3)C=C(C(=O)CC)C(=O)C1=2	2017-03-16 15:10:39	2017-03-16 15:11:22	1	0	0	0	1	C1=CC(N2CCOCC2)=NC2N(C3CC3)C=C(C(=O)CC)C(=O)C12
25	[Co]12345(C6=C1C2=C3C4=C65)12345C6=C1C2=C3C4=C65	2017-03-16 15:11:22	2017-03-16 15:11:56	1	0	0	1	1	C12[Co]3456C=1=C3=C4=C5=C=26
25	O1N=C(CP(CCCC)(CCCC)=O)C=C1	2017-03-16 15:11:55	2017-03-16 15:12:48	0	0	0	2	1	P(CCCC)(CCCC)(CC1=NOC=C1)=C
25	[C@@H](C1CCCCC(=O)NC1)1CCC2(CCC[C@@H]2CCCN)C1.[H]Cl	2017-03-16 15:12:48	2017-03-16 15:13:49	0	0	0	2	1	C1CCCC(=O)NC[C@@H]1C1CCC2(CCC[C@@H]2CCCN)C1.[H]Cl
25	C1(/C=C\\C/C=C\\S/C=C/1)B1CC(C)(C)C(C)(C)C1	2017-03-16 15:13:48	2017-03-16 15:14:27	0	0	1	1	1	C1/S/C=C\\C/C=C\\C(B2CC(C)(C)C(C)(C)C2)/C=1
25	C1=CC=NC=C1C#CC1=C(I)C=C(OCCCC)C(OCCCC)=C1	2017-03-16 15:14:26	2017-03-16 15:15:20	0	0	0	0	1	C1=CC=NC=C1C#CC1=C(I)C=C(OCCCC)C(OCCCC)=C1
7	N(C)(C)C(=O)[H]	2017-03-17 17:43:42	2017-03-17 17:44:13	0	0	0	0	2	CN(C([H])=O)C
7	C1(C=C(C)N=CC=1)Br	2017-03-17 17:44:18	2017-03-17 17:45:00	0	0	0	3	2	C(C)1=NC=CC(Br)=C1
7	C1=CC(F)=CC(O)=C1C(=O)NN	2017-03-17 17:45:05	2017-03-17 17:45:55	2	0	0	3	2	C1=CC(F)=CC(O)=C1C(=O)NN
7	C(C(O)(C)C)(C)(O)C	2017-03-17 17:45:58	2017-03-17 17:46:15	0	0	0	0	2	C(C)(C)(O)C(O)(C)C
7	C(C(O)(C)C)(C)(O)C	2017-03-17 17:46:18	2017-03-17 17:46:34	0	1	0	2	2	C(C(O)(C)C)(C)(O)C
7	C1(C=C(C)N=CC=1)Br	2017-03-17 17:46:37	2017-03-17 17:46:58	0	0	0	1	2	C1(=CC(C)=NC=C1)Br
7	C1C=CC=C2C=1NC=C2C(C1C=CC=CC=1)C[N+]([O-])=O	2017-03-17 17:47:03	2017-03-17 17:47:18	0	1	0	2	2	C1C=CC=C2C=1NC=C2C(C1C=CC=CC=1)C[N+]([O-])=O
7	C1=CC(F)=CC(O)=C1C(=O)NN	2017-03-17 17:47:20	2017-03-17 17:48:03	1	0	0	2	2	C(F)1=CC(O)=C(C(=O)NN)C=C1
7	N(C)(C)C(=O)[H]	2017-03-17 17:48:06	2017-03-17 17:48:19	0	1	0	1	2	N(C)(C)C(=O)[H]
7	C(C(O)(C)C)(C)(O)C	2017-03-17 17:48:22	2017-03-17 17:48:38	1	1	0	1	2	C(C(O)(C)C)(C)(O)C
7	C1(C=C(C)N=CC=1)Br	2017-03-17 17:48:40	2017-03-17 17:48:58	0	0	0	2	2	C1(=CC(C)=NC=C1)Br
7	C1C=CC=C2C=1NC=C2C(C1C=CC=CC=1)C[N+]([O-])=O	2017-03-17 17:49:00	2017-03-17 17:50:35	2	0	3	1	2	C1C=CC=C2C(C(CC[N+](=O)[O-])C3=CC=CC=C3)=CNC=12
7	C1=CC=CC(B(O)O)=C1C(=O)O	2017-03-17 17:50:38	2017-03-17 17:51:01	0	1	0	3	2	C1=CC=CC(B(O)O)=C1C(=O)O
7	C1=CC=CC(B(O)O)=C1C(=O)O	2017-03-17 17:51:03	2017-03-17 17:51:29	1	1	0	2	2	C1=CC=CC(B(O)O)=C1C(=O)O
7	C1C=CC=C2C=1NC=C2C(C1C=CC=CC=1)C[N+]([O-])=O	2017-03-17 17:51:32	2017-03-17 17:51:44	0	1	0	3	2	C1C=CC=C2C=1NC=C2C(C1C=CC=CC=1)C[N+]([O-])=O
7	C1=CC(F)=CC(O)=C1C(=O)NN	2017-03-17 17:51:46	2017-03-17 17:52:09	1	1	0	1	2	C1=CC(F)=CC(O)=C1C(=O)NN
7	C1=CC=CC(B(O)O)=C1C(=O)O	2017-03-17 17:52:10	2017-03-17 17:52:40	0	0	0	0	2	C1=CC=CC(B(O)O)=C1C(=O)O
7	C1=CC=CC2NC=C(COCC3=CNC4=CC=CC=C34)C12	2017-03-17 17:52:44	2017-03-17 17:54:03	2	0	3	3	2	C1=CC=C2C(COCC3C4=CC=CC=C4NC=3)=CNC2=C1
7	C1=CC=CC2NC=C(COCC3=CNC4=CC=CC=C34)C12	2017-03-17 17:54:04	2017-03-17 17:55:02	3	0	1	1	2	C1=CC=C2C(COCC3C4=CC=CC=C4NC=3)=CNC2=C1
7	C(C(O)(C)C)(C)(O)C	2017-03-17 17:55:03	2017-03-17 17:55:16	2	1	0	3	2	C(C(O)(C)C)(C)(O)C
7	N(C)(C)C(=O)[H]	2017-03-17 17:55:17	2017-03-17 17:55:36	0	0	0	2	2	CN(C(=O)[H])C
7	C1=CC=CC2NC=C(COCC3=CNC4=CC=CC=C34)C12	2017-03-17 17:55:38	2017-03-17 17:56:53	3	0	0	0	2	C1=CC=CC2NC=C(COCC3=CNC4=CC=CC=C34)C12
7	C1=CC(F)=CC(O)=C1C(=O)NN	2017-03-17 17:56:55	2017-03-17 17:57:29	2	0	0	0	2	C1=CC(F)=CC(O)=C1C(=O)NN
7	C1=CC=CC(B(O)O)=C1C(=O)O	2017-03-17 17:57:30	2017-03-17 17:57:47	2	1	0	1	2	C1=CC=CC(B(O)O)=C1C(=O)O
7	C1(C=C(C)N=CC=1)Br	2017-03-17 17:57:49	2017-03-17 17:58:05	0	0	0	0	2	C1=C(Br)C=C(C)N=C1
7	C1=CC=CC2NC=C(COCC3=CNC4=CC=CC=C34)C12	2017-03-17 17:58:07	2017-03-17 17:58:19	0	1	0	2	2	C1=CC=CC2NC=C(COCC3=CNC4=CC=CC=C34)C12
7	N(C)(C)C(=O)[H]	2017-03-17 17:58:21	2017-03-17 17:58:38	0	0	0	3	2	CN(C(=O)[H])C
7	C1C=CC=C2C=1NC=C2C(C1C=CC=CC=1)C[N+]([O-])=O	2017-03-17 17:58:39	2017-03-17 17:59:45	0	0	1	0	2	C1=CC=C2C(C(C[N+](=O)[O-])C3=CC=CC=C3)=CNC2=C1
13	C(OC)1C=CC(C#CC2=CC=C(CC=O)C=C2)=CC=1	2017-03-21 11:51:43	2017-03-21 11:52:56	2	0	6	2	2	C1=CC(CC=O)=CC=C1C#CC1=CC=C(OC)C=C1
13	C(=O)1C(C)=C(C)C(=O)C(C)=C1C	2017-03-21 11:53:04	2017-03-21 11:53:21	2	2	0	1	2	C(=O)1C(C)=C(C)C(=O)C(C)=C1C
13	C(OC)1C=CC(C#CC2=CC=C(CC=O)C=C2)=CC=1	2017-03-21 11:53:25	2017-03-21 11:54:02	2	1	0	3	2	C1=C(C#CC2=CC=C(OC)C=C2)C=CC(CC=O)=C1
13	C1=CC=CC=C1C(OC)=O	2017-03-21 11:54:05	2017-03-21 11:54:26	1	0	0	0	2	C1=CC=CC=C1C(=C)OC
13	C(CC)1=CC=CC=C1	2017-03-21 11:54:28	2017-03-21 11:54:36	0	0	0	0	2	C1=CC=CC(CC)=C1
13	C1CCCC2CC3CCCCC3CC12	2017-03-21 11:54:38	2017-03-21 11:54:44	0	2	0	3	2	C1CCCC2CC3CCCCC3CC12
13	C(C(=O)OC)1C=CC=C1	2017-03-21 11:54:48	2017-03-21 11:55:04	1	1	0	1	2	C(C(=O)OC)1C=CC=C1
13	C(=O)1C(C)=C(C)C(=O)C(C)=C1C	2017-03-21 11:55:06	2017-03-21 11:55:23	0	1	0	2	2	C(=O)1C(C)=C(C)C(=O)C(C)=C1C
13	C1=CC(N2CCOCC2)=NC2N(C3CC3)C=C(C(=O)CC)C(=O)C1=2	2017-03-21 11:55:28	2017-03-21 11:56:57	2	0	0	1	2	C1=CC(N2CCOCC2)=NC2N(C3CC3)C=C(C(=O)CC)C(=O)C1=2
13	C(=O)1C(C)=C(C)C(=O)C(C)=C1C	2017-03-21 11:56:58	2017-03-21 11:57:05	0	2	0	3	2	C(=O)1C(C)=C(C)C(=O)C(C)=C1C
13	C1=CC=CC=C1C(OC)=O	2017-03-21 11:57:06	2017-03-21 11:57:33	0	5	0	3	2	C1=CC=CC=C1C(=O)OC
13	C1=CC(N2CCOCC2)=NC2N(C3CC3)C=C(C(=O)CC)C(=O)C1=2	2017-03-21 11:57:36	2017-03-21 11:58:31	2	0	0	3	2	C1=CC(N2CCOCC2)=NC2N(C3CC3)C=C(C(=O)CC)C(=O)C1=2
13	C(CC)1=CC=CC=C1	2017-03-21 11:58:33	2017-03-21 11:58:44	0	2	0	3	2	C1=CC=CC=C1CC
13	C(OC)1C=CC(C#CC2=CC=C(CC=O)C=C2)=CC=1	2017-03-21 11:58:47	2017-03-21 11:59:38	4	0	0	0	2	C1=CC(CC=O)=CC=C1C#CC1=CC=C(OC)C=C1
13	C1=CC(N2CCOCC2)=NC2N(C3CC3)C=C(C(=O)CC)C(=O)C1=2	2017-03-21 11:59:41	2017-03-21 12:00:43	8	0	0	0	2	C1=CC(N2CCOCC2)=NC2N(C3CC3)C=C(C(=O)CC)C(=O)C1=2
13	C(OC)1C=CC(C#CC2=CC=C(CC=O)C=C2)=CC=1	2017-03-21 12:00:48	2017-03-21 12:01:52	5	4	0	1	2	C1=CC(CC=O)=CC=C1C#CC1=CC=C(OC)C=C1
13	C1CCCC2CC3CCCCC3CC12	2017-03-21 12:01:55	2017-03-21 12:02:03	0	0	0	1	2	C1CCC2CC3CCCCC3CC2C1
13	C(C(=O)OC)1C=CC=C1	2017-03-21 12:02:05	2017-03-21 12:02:30	1	0	0	0	2	C(C(=O)OC)1C=CC=C1
13	C(CC)1=CC=CC=C1	2017-03-21 12:02:31	2017-03-21 12:02:44	1	2	0	1	2	C(CC)1=CC=CC=C1
13	C1=CC(N2CCOCC2)=NC2N(C3CC3)C=C(C(=O)CC)C(=O)C1=2	2017-03-21 12:02:46	2017-03-21 12:03:30	2	0	0	2	2	C1=CC(N2CCOCC2)=NC2N(C3CC3)C=C(C(=O)CC)C(=O)C1=2
13	C1CCCC2CC3CCCCC3CC12	2017-03-21 12:03:32	2017-03-21 12:03:37	0	2	0	2	2	C1CCCC2CC3CCCCC3CC12
13	C(=O)1C(C)=C(C)C(=O)C(C)=C1C	2017-03-21 12:03:39	2017-03-21 12:04:01	2	0	0	0	2	C(=O)1C(C)=C(C)C(=O)C(C)=C1C
13	C1=CC=CC=C1C(OC)=O	2017-03-21 12:04:04	2017-03-21 12:04:29	0	3	0	2	2	C1=CC=CC=C1C(=O)OC
13	C(C(=O)OC)1C=CC=C1	2017-03-21 12:04:31	2017-03-21 12:04:43	0	1	0	3	2	C(C(=O)OC)1C=CC=C1
13	C(CC)1=CC=CC=C1	2017-03-21 12:04:45	2017-03-21 12:04:51	0	2	0	2	2	C1=CC=CC=C1CC
13	C1=CC=CC=C1C(OC)=O	2017-03-21 12:04:53	2017-03-21 12:05:11	0	2	0	1	2	C(C(=O)OC)1=CC=CC=C1
13	C(C(=O)OC)1C=CC=C1	2017-03-21 12:05:12	2017-03-21 12:05:27	1	2	0	2	2	C(C(=O)OC)1C=CC=C1
13	C1CCCC2CC3CCCCC3CC12	2017-03-21 12:05:28	2017-03-21 12:05:34	0	0	0	0	2	C1CCCC2CC3CCCCC3CC12
11	C1=C(Cl)C=CC(Cl)=C1Cl	2017-03-22 10:01:10	2017-03-22 10:02:19	0	0	0	3	2	C(Cl)1=C(Cl)C=C(Cl)C=C1
11	C(C(C)(C)C)1=CC(C(C)(C)C)=CC(C(C)(C)C)=C1	2017-03-22 10:02:24	2017-03-22 10:03:28	5	2	0	1	2	C1=C(C(C)(C)C)C=C(C(C)(C)C)C=C1C(C)(C)C
11	C1=CC=CC=C1C1CCCCCO1	2017-03-22 10:03:32	2017-03-22 10:04:08	1	1	0	1	2	C1=CC=CC=C1C1CCCCCO1
11	C(=O)1CC1	2017-03-22 10:04:11	2017-03-22 10:04:18	0	1	0	2	2	C(=O)1CC1
11	C1=CC=CC=C1C1CCCCCO1	2017-03-22 10:04:20	2017-03-22 10:04:52	2	0	0	3	2	C1=CC(C2CCCCCO2)=CC=C1
11	C1=CC(OC)=CC=C1C(OCCCCC(C)=C)C	2017-03-22 10:05:01	2017-03-22 10:06:27	2	0	0	0	2	C1=C(C(OCCCCC#C)C)C=CC(OC)=C1
11	C(C(C)(C)C)1=CC(C(C)(C)C)=CC(C(C)(C)C)=C1	2017-03-22 10:06:30	2017-03-22 10:07:31	2	2	3	2	2	C1C(C(C)(C)C)=CC(C(C)(C)C)=CC=1C(C)(C)C
11	C1=CC(OC)=CC=C1C(OCCCCC(C)=C)C	2017-03-22 10:07:34	2017-03-22 10:08:54	4	0	0	2	2	C1=C(C(OCCCCC#C)C)C=CC(OC)=C1
11	C1=CC=CC=C1C1CCCCCO1	2017-03-22 10:08:56	2017-03-22 10:09:18	0	0	0	0	2	C1=C(C2CCCCCO2)C=CC=C1
11	C1=CC(OC)=CC=C1C(OCCCCC(C)=C)C	2017-03-22 10:09:22	2017-03-22 10:10:15	2	0	0	3	2	C1=C(C(OCCCCC#C)C)C=CC(OC)=C1
11	C1=C(C(C)Cl)C=CC=C1	2017-03-22 10:10:18	2017-03-22 10:10:37	0	0	0	0	2	C1=CC(C(Cl)C)=CC=C1
11	C(C(C)(C)C)1=CC(C(C)(C)C)=CC(C(C)(C)C)=C1	2017-03-22 10:10:39	2017-03-22 10:11:08	0	2	0	3	2	C(C(C)(C)C)1=CC(C(C)(C)C)=CC(C(C)(C)C)=C1
11	C(Br)1=CC(Cl)=C(Br)C=C1	2017-03-22 10:11:12	2017-03-22 10:11:59	0	0	2	1	2	C(Br)1=CC(Cl)=C(Br)C=C1
11	C1=C(Cl)C=CC(Cl)=C1Cl	2017-03-22 10:12:01	2017-03-22 10:12:19	0	0	0	0	2	C1=C(Cl)C(Cl)=CC=C1Cl
11	C(=O)1CC1	2017-03-22 10:12:21	2017-03-22 10:12:26	0	1	0	1	2	C(=O)1CC1
11	C1=CC=CC=C1C1CCCCCO1	2017-03-22 10:12:28	2017-03-22 10:12:49	0	0	0	2	2	C1=C(C2CCCCCO2)C=CC=C1
11	C1=C(Cl)C=CC(Cl)=C1Cl	2017-03-22 10:12:52	2017-03-22 10:13:10	0	0	0	2	2	C1=C(Cl)C(Cl)=CC=C1Cl
11	C(Br)1=CC(Cl)=C(Br)C=C1	2017-03-22 10:13:12	2017-03-22 10:13:43	0	0	0	3	2	C1=C(Cl)C(Br)=CC=C1Br
11	C1=C(C(C)Cl)C=CC=C1	2017-03-22 10:13:46	2017-03-22 10:14:03	0	2	0	2	2	C1=C(C(C)Cl)C=CC=C1
11	C(Br)1=CC(Cl)=C(Br)C=C1	2017-03-22 10:14:06	2017-03-22 10:14:29	0	2	0	2	2	C(Br)1=CC=C(Br)C=C1Cl
11	C(C(C)(C)C)1=CC(C(C)(C)C)=CC(C(C)(C)C)=C1	2017-03-22 10:14:32	2017-03-22 10:14:56	5	0	0	0	2	C(C(C)(C)C)1=CC(C(C)(C)C)=CC(C(C)(C)C)=C1
11	C1=CC(OC)=CC=C1C(OCCCCC(C)=C)C	2017-03-22 10:15:00	2017-03-22 10:15:41	1	0	0	1	2	C1=C(C(OCCCC#C)C)C=CC(OC)=C1
11	C(=O)1CC1	2017-03-22 10:15:43	2017-03-22 10:16:07	0	0	0	0	2	C(=O)1CC1
11	C(=O)1CC1	2017-03-22 10:16:09	2017-03-22 10:16:15	0	1	0	3	2	C(=O)1CC1
11	C1=C(Cl)C=CC(Cl)=C1Cl	2017-03-22 10:16:17	2017-03-22 10:16:22	0	1	0	1	2	C1=C(Cl)C=CC(Cl)=C1Cl
11	C(Br)1=CC(Cl)=C(Br)C=C1	2017-03-22 10:16:24	2017-03-22 10:16:45	0	0	0	0	2	C1=C(Cl)C(Br)=CC=C1Br
11	C1=C(C(C)Cl)C=CC=C1	2017-03-22 10:16:47	2017-03-22 10:17:05	0	2	0	3	2	C1=C(C(C)Cl)C=CC=C1
11	C1=C(C(C)Cl)C=CC=C1	2017-03-22 10:17:07	2017-03-22 10:17:23	1	3	0	1	2	C1=C(C(C)Cl)C=CC=C1
2	C1=CC=CC(Br)=C1C(OCC)C	2017-03-22 15:39:23	2017-03-22 15:39:34	0	2	0	2	1	C1=CC=CC(Br)=C1C(OCC)C
2	C1=CC=CC(Br)=C1C(OCC)C	2017-03-22 15:39:49	2017-03-22 15:39:50	0	2	0	3	1	C1=CC=CC(Br)=C1C(OCC)C
2	C1=CC=CC=C1C(OCCCCC=C)C1=CC=CC=C1	2017-03-22 15:40:03	2017-03-22 15:40:27	1	0	0	0	1	C1=CC=CC=C1C(OCCCCC(C)=C)C1=CC=CC=C1
2	C1=CC=NC2NC=C(C(=O)OCC)C(=O)C1=2	2017-03-22 15:40:41	2017-03-22 15:41:54	0	0	5	2	1	C1=CC=NC2N([H])C=C(C(=O)OCC)C(C1=2)=O
2	C1=CC=CC=C1C(O)C(C)(C)C	2017-03-22 15:42:07	2017-03-22 15:42:15	0	1	0	3	1	C1=CC=CC=C1C(O)C(C)(C)C
2	C1=CC=CC=C1C(OC)C	2017-03-22 15:42:27	2017-03-22 15:42:33	0	2	0	1	1	C1=CC=CC=C1C(OC)C(C)(C)C
2	C1=CC=CC=C1C(O)C(C)(C)C	2017-03-22 15:42:44	2017-03-22 15:42:49	0	1	0	1	1	C1=CC=CC=C1C(C)C(C)(C)C
24	C(C1=CC=CC=C1)1COC1(C(F)(F)C(F)(F)F)C1=CC=C(C(F)(F)F)C=C1	2017-03-22 15:42:49	2017-03-22 15:43:11	0	1	0	2	2	C(C1=CC=CC=C1)1COC1(C(F)(F)C(F)(F)F)C1=CC=C(C(F)(F)F)C=C1
2	C(C)1=CC(C)=CC(C)=C1[C@@H](O)C	2017-03-22 15:43:00	2017-03-22 15:43:16	2	0	0	1	1	C(C)1=CC(C)=CC(C)=C1[C@@H](O)C
24	C1=C2N3CC(C(C)C)C(C4=CC=CC=C4)N=C3NC2=CC=C1	2017-03-22 15:43:06	2017-03-22 15:43:36	0	2	0	3	2	C1=C2N3CC(C(C)C)C(C4=CC=CC=C4)N=C3NC2=CC=C1
2	C1=CC=CC=C1C(O)C(C)(C)C	2017-03-22 15:43:27	2017-03-22 15:43:29	0	0	0	0	1	C1=CC=CC=C1C(O)C(C)(C)C
24	C1=CC(C)=CC=C1C(=O)[H]	2017-03-22 15:43:32	2017-03-22 15:44:08	0	0	1	0	2	C1=CC(C)=CC=C1C=O
2	C1=CC=NC2NC=C(C(=O)OCC)C(=O)C1=2	2017-03-22 15:43:42	2017-03-22 15:44:00	1	0	0	3	1	C(=O)1C2=CC=CN=C2NC=C1C(=O)OCC
24	C1=CC=CC=C1C1CCCCCO1	2017-03-22 15:44:03	2017-03-22 15:44:28	0	0	0	0	2	C1CCCCOC1C1=CC=CC=C1
2	C1=CC=NC2NC=C(C(=O)OCC)C(=O)C1=2	2017-03-22 15:44:13	2017-03-22 15:44:39	3	1	0	1	1	C(=O)1C2=CC=CN=C2NC=C1C(=O)OCC
24	C1=CC=CC=C1B1OC(=O)C(=O)O1	2017-03-22 15:44:24	2017-03-22 15:44:57	0	0	0	0	2	C(=O)1OBOC1=O
2	C(C)1=CC(C)=CC(C)=C1[C@@H](O)C	2017-03-22 15:44:51	2017-03-22 15:45:10	1	1	0	2	1	C(C)1=CC(C)=CC(C)=C1[C@@H](O)C
24	N1C=C(OC)C=N1	2017-03-22 15:44:54	2017-03-22 15:45:18	0	0	0	2	2	N1C=C(OC)C=N1
24	C1=CC(C)=CC=C1C(=O)[H]	2017-03-22 15:45:12	2017-03-22 15:45:40	0	0	0	2	2	C1=CC(C)=CC=C1C(=O)[H]
2	C(C(CC)C)1CCCCC1	2017-03-22 15:45:21	2017-03-22 15:45:22	0	2	0	3	1	C(C(CC)C)1CCCCC1
2	C(C)1=CC(C)=CC(C)=C1[C@@H](O)C	2017-03-22 15:45:33	2017-03-22 15:45:39	0	0	0	0	1	C(C)1=CC(C)=CC(C)=C1[C@@H](O)C
24	C(=O)1C(C2=CC=CC=C2)C(C2=CC=CC=C2)C=C2C3=CC=CC=C3S(=O)(=O)N12	2017-03-22 15:45:37	2017-03-22 15:46:58	1	1	0	3	2	C1=C2C3C=C(C4=CC=CC=C4)C(C4=CC=CC=C4)C(=O)N3S(=O)(=O)C2=CC=C1
2	C(C(CC)C)1CCCCC1	2017-03-22 15:45:50	2017-03-22 15:45:45	0	2	0	1	1	C(C(CC)C)1CCCCC1
2	C1=CC=CC=C1C(OC)C	2017-03-22 15:45:57	2017-03-22 15:46:04	1	4	0	2	1	C1=CC=CC=C1C(OC)C
2	C1=CC=CC=C1C(OCCCCC=C)C1=CC=CC=C1	2017-03-22 15:46:15	2017-03-22 15:46:32	1	1	0	3	1	C1=CC=CC=C1C(OCCCCC=C)C1=CC=CC=C1
2	C1=CC=CC=C1C(O)C(C)(C)C	2017-03-22 15:46:43	2017-03-22 15:46:54	1	4	0	2	1	C1=CC=CC=C1C(O)C(C)(C)C
24	C(C1=CC=CC=C1)1COC1(C(F)(F)C(F)(F)F)C1=CC=C(C(F)(F)F)C=C1	2017-03-22 15:46:53	2017-03-22 15:47:53	3	0	0	0	2	C(C1=CC=CC=C1)1COC1(C(F)(F)C(F)(F)F)C1=CC=C(C(F)(F)F)C=C1
2	C1=CC=CC=C1C(OCCCCC=C)C1=CC=CC=C1	2017-03-22 15:47:05	2017-03-22 15:47:16	0	5	0	2	1	C1=CC=CC=C1C(OCCCCC=C)C1=CC=CC=C1
2	C(C)1=CC(C)=CC(C)=C1[C@@H](O)C	2017-03-22 15:47:27	2017-03-22 15:47:33	1	0	0	3	1	C(C)1=CC(C)=CC(C)=C1[C@@H](O)C
2	C1=CC=CC(Br)=C1C(OCC)C	2017-03-22 15:47:44	2017-03-22 15:47:54	0	0	0	0	1	C1=CC=CC(Br)=C1C(OCC)C
24	C1=CC=CC=C1B1OC(=O)C(=O)O1	2017-03-22 15:47:48	2017-03-22 15:48:25	2	0	0	2	2	C(=O)1OC(C2=CC=CC=C2)OC1=O
2	C(C(CC)C)1CCCCC1	2017-03-22 15:48:05	2017-03-22 15:48:03	0	0	0	0	1	C(C(CC)C)1CCCCC1
2	C(C(CC)C)1CCCCC1	2017-03-22 15:48:14	2017-03-22 15:48:10	0	2	0	2	1	C(C(CC)C)1CCCCC1
24	N1C=C(OC)C=N1	2017-03-22 15:48:31	2017-03-22 15:48:56	0	0	0	1	2	N1C=C(C2=CC=CC=C2)C=N1
2	C1=CC=NC2NC=C(C(=O)OCC)C(=O)C1=2	2017-03-22 15:48:39	2017-03-22 15:48:39	1	0	0	0	1	C(=O)1C2=CC=CN=C2NC=C1C(=O)OCC
2	C1=CC=CC=C1C(OC)C	2017-03-22 15:48:51	2017-03-22 15:48:50	0	0	0	0	1	C1=CC=CC=C1C(OC)C
24	C1=C2N3CC(C(C)C)C(C4=CC=CC=C4)N=C3NC2=CC=C1	2017-03-22 15:48:54	2017-03-22 15:49:14	0	2	0	1	2	C1=C2N3CC(C(C)C)C(C4=CC=CC=C4)N=C3NC2=CC=C1
2	C1=CC=CC=C1C(OCCCCC=C)C1=CC=CC=C1	2017-03-22 15:49:01	2017-03-22 15:49:03	0	7	0	1	1	C1=CC=CC=C1C(OCCCCC=C)C1=CC=CC=C1
24	C(=O)1C(C2=CC=CC=C2)C(C2=CC=CC=C2)C=C2C3=CC=CC=C3S(=O)(=O)N12	2017-03-22 15:49:08	2017-03-22 15:50:31	3	0	0	1	2	C12=CC=CC=C1C1=CC(C3=CC=CC=C3)C(C3=CC=CC=C3)C(=O)C1S2(=O)=O
2	C1=CC=CC=C1C(OC)C	2017-03-22 15:49:14	2017-03-22 15:49:14	0	5	0	3	1	C1=CC=CC=C1C(OC)C
2	C1=CC=CC(Br)=C1C(OCC)C	2017-03-22 15:49:25	2017-03-22 15:49:33	0	5	0	1	1	C1=CC=CC(Br)=C1C(OCC)C
24	N1C=C(OC)C=N1	2017-03-22 15:50:25	2017-03-22 15:50:46	0	1	0	3	2	N1C=C(OC)C=N1
24	C1=CC=CC=C1C1CCCCCO1	2017-03-22 15:50:40	2017-03-22 15:51:00	0	0	0	1	2	C1CCCCOC1C1=CC=CC=C1
24	C(=O)1C(C2=CC=CC=C2)C(C2=CC=CC=C2)C=C2C3=CC=CC=C3S(=O)(=O)N12	2017-03-22 15:50:56	2017-03-22 15:51:44	1	0	0	0	2	S(=O)(=O)1N2C(=O)C(C3=CC=CC=C3)C(C3=CC=CC=C3)C=C2C2=CC=CC=C12
24	C1=CC=CC=C1B1OC(=O)C(=O)O1	2017-03-22 15:51:39	2017-03-22 15:52:21	0	0	0	1	2	C(=O)1OB(C2=CC=CC=C2)OC1=O
24	C(C1=CC=CC=C1)1COC1(C(F)(F)C(F)(F)F)C1=CC=C(C(F)(F)F)C=C1	2017-03-22 15:52:16	2017-03-22 15:53:03	1	0	0	3	2	C(C1=CC=CC=C1)1COC1(C(F)(F)C(F)(F)F)C1=CC=C(C(F)(F)F)C=C1
24	C1=C2N3CC(C(C)C)C(C4=CC=CC=C4)N=C3NC2=CC=C1	2017-03-22 15:52:58	2017-03-22 15:53:38	1	0	0	0	2	C1=C2N3CC(C(C)C)C(C4=CC=CC=C4)N=C3NC2=CC=C1
24	C1=CC(C)=CC=C1C(=O)[H]	2017-03-22 15:53:32	2017-03-22 15:53:56	0	0	0	1	2	C1=CC(C)=CC=C1C=O
24	C1=CC=CC=C1B1OC(=O)C(=O)O1	2017-03-22 15:53:50	2017-03-22 15:54:22	0	0	0	3	2	C(=O)1OB(C2=CC=CC=C2)OC1=O
24	C1=C2N3CC(C(C)C)C(C4=CC=CC=C4)N=C3NC2=CC=C1	2017-03-22 15:54:16	2017-03-22 15:54:36	0	2	0	2	2	C1=C2N3CC(C(C)C)C(C4=CC=CC=C4)N=C3NC2=CC=C1
24	N1C=C(OC)C=N1	2017-03-22 15:54:30	2017-03-22 15:54:50	0	0	0	0	2	N1C=C(OC)C=N1
24	C(=O)1C(C2=CC=CC=C2)C(C2=CC=CC=C2)C=C2C3=CC=CC=C3S(=O)(=O)N12	2017-03-22 15:54:44	2017-03-22 15:55:28	1	0	0	2	2	S(=O)(=O)1N2C(=O)C(C3=CC=CC=C3)C(C3=CC=CC=C3)C=C2C2=CC=CC=C12
24	C1=CC=CC=C1C1CCCCCO1	2017-03-22 15:55:23	2017-03-22 15:55:43	0	0	0	3	2	C1CCCCOC1C1=CC=CC=C1
24	C1=CC(C)=CC=C1C(=O)[H]	2017-03-22 15:55:37	2017-03-22 15:55:55	0	0	0	3	2	C1=CC(C)=CC=C1C=O
24	C1=CC=CC=C1C1CCCCCO1	2017-03-22 15:55:49	2017-03-22 15:56:10	1	0	0	2	2	C1CCCCOC1C1=CC=CC=C1
26	[C@@H](C1CCCCC(=O)NC1)1CCC2(CCC[C@@H]2CCCN)C1.[H]Cl	2017-03-22 20:19:44	2017-03-22 20:23:05	0	0	0	2	2	C1CC[C@@H](C2CCC3(CCC[C@@H]3CCCN)C2)CNC(=O)C1.[H]Cl
26	O1N=C(CP(CCCC)(CCCC)=O)C=C1	2017-03-22 20:23:10	2017-03-22 20:24:15	0	0	0	3	2	O1C=CC(CP(CCCC)(CCCC)=O)=N1
26	C1C=CC=C2C=1C=CN2	2017-03-22 20:24:13	2017-03-22 20:24:41	0	1	0	1	2	C1=CC=CC2C=CNC12
26	C1C=CC=C2C=1C=CN2	2017-03-22 20:24:42	2017-03-22 20:25:08	0	0	0	2	2	C1=CC=CC2C=CNC12
26	C1C(C(O)=O)=CC=CC=1	2017-03-22 20:25:06	2017-03-22 20:25:23	0	1	0	1	2	C(C(=O)O)1=CC=CC=C1
27	C1C=CC=C(B2OCCO2)C=1C(=O)NC1C=C(C(F)(F)F)C=C(C(F)(F)F)C=1	2017-03-22 20:43:11	2017-03-22 20:45:01	7	0	2	0	2	C1=CC=C(B2OCCO2)C(C(NC2=CC(C(F)(F)F)=CC(C(F)(F)F)=C2)=O)=C1
27	C(=C)C(=O)CC1N=NC(C(C)(C)C)=N1	2017-03-22 20:45:05	2017-03-22 20:45:53	3	0	0	1	2	C=CC(=O)CC1N=NC(C(C)(C)C)=N1
27	C1=CC(Cl)=NC(Cl)=C1C(/C(=C/NC(CO)C)/C(=O)OCC)=O	2017-03-22 20:46:00	2017-03-22 20:47:22	5	0	0	0	2	C1=CC(Cl)=NC(Cl)=C1C(=O)/C(=C/NC(CO)C)/C(=O)OCC
27	C1=CC=CC=C1CC(C)NC	2017-03-22 20:47:23	2017-03-22 20:48:01	0	3	0	3	2	C1=CC=CC=C1CC(C)NC
27	C(/C=C/C)1=CC=CC=C1	2017-03-22 20:48:04	2017-03-22 20:48:17	0	1	0	1	2	C(/C=C/C)1=CC=CC=C1
27	C(=C)C(=O)CC1N=NC(C(C)(C)C)=N1	2017-03-22 20:48:20	2017-03-22 20:49:06	4	0	0	0	2	C=CC(=O)CC1N=NC(C(C)(C)C)=N1
27	C1=CC=CC=C1CC(C)NC	2017-03-22 20:49:07	2017-03-22 20:49:40	1	4	2	2	1	C1=CC=CC=C1CC(C)NC
27	C(=C)C(=O)CC1N=NC(C(C)(C)C)=N1	2017-03-22 20:49:42	2017-03-22 20:50:07	0	3	0	2	1	C(=C)C(=O)CC1N=NC(C(C)(C)C)=N1
27	C(CC)1=CC=CC=C1	2017-03-22 20:50:08	2017-03-22 20:50:19	0	2	0	2	1	C(CC)1=CC=CC=C1
27	C(/C=C/C)1=CC=CC=C1	2017-03-22 20:50:20	2017-03-22 20:50:29	0	0	0	0	1	C(/C=C/C)1=CC=CC=C1
27	C1=CC(Cl)=NC(Cl)=C1C(/C(=C/NC(CO)C)/C(=O)OCC)=O	2017-03-22 20:50:31	2017-03-22 20:50:50	0	1	0	2	1	C1=CC(Cl)=NC(Cl)=C1C(/C(=C/NC(CO)C)/C(=O)OCC)=O
27	C1=CC=CC=C1CC(C)NC	2017-03-22 20:50:51	2017-03-22 20:51:12	0	3	0	1	1	C1=CC=CC=C1CC(C)NC
27	C1C=CC=C(B2OCCO2)C=1C(=O)NC1C=C(C(F)(F)F)C=C(C(F)(F)F)C=1	2017-03-22 20:51:13	2017-03-22 20:52:29	8	0	2	2	1	C1=CC=C(B2OCCO2)C(C(=O)NC2=CC(C(F)(F)F)=CC(C(F)(F)F)=C2)=C1
27	C1=CC(Cl)=NC(Cl)=C1C(/C(=C/NC(CO)C)/C(=O)OCC)=O	2017-03-22 20:52:30	2017-03-22 20:52:42	0	2	0	1	1	C1=CC(Cl)=NC(Cl)=C1C(/C(=C/NC(CO)C)/C(=O)OCC)=O
27	C(C(=O)OC)1C=CC=C1	2017-03-22 20:52:44	2017-03-22 20:53:07	0	1	0	2	1	C(C(=O)OC)1C=CC=C1
27	C(C(=O)OC)1C=CC=C1	2017-03-22 20:53:08	2017-03-22 20:53:43	3	0	0	3	1	C(C(=O)OC)1C=CC=C1
27	C(C(=O)OC)1C=CC=C1	2017-03-22 20:53:44	2017-03-22 20:54:02	0	0	0	0	1	C(C(=O)OC)1C=CC=C1
27	C(/C=C/C)1=CC=CC=C1	2017-03-22 20:54:03	2017-03-22 20:54:23	0	3	0	2	1	C(/C=C/C)1=CC=CC=C1
27	C1C=CC=C(B2OCCO2)C=1C(=O)NC1C=C(C(F)(F)F)C=C(C(F)(F)F)C=1	2017-03-22 20:54:24	2017-03-22 20:55:31	7	0	0	3	1	C1=CC(B2OCCO2)=C(C(=O)NC2=CC(C(F)(F)F)=CC(C(F)(F)F)=C2)C=C1
27	C(/C=C/C)1=CC=CC=C1	2017-03-22 20:55:32	2017-03-22 20:55:42	0	3	0	3	1	C(/C=C/C)1=CC=CC=C1
27	C(C(=O)OC)1C=CC=C1	2017-03-22 20:55:43	2017-03-22 20:56:07	0	1	0	1	1	C(C(=O)OC)1C=CC=C1
27	C(CC)1=CC=CC=C1	2017-03-22 20:56:08	2017-03-22 20:56:15	0	0	0	0	1	C(CC)1=CC=CC=C1
27	C1=CC=CC=C1CC(C)NC	2017-03-22 20:56:17	2017-03-22 20:56:39	1	0	0	0	1	C1=CC=CC=C1CC(C)NC
27	C(=C)C(=O)CC1N=NC(C(C)(C)C)=N1	2017-03-22 20:56:40	2017-03-22 20:57:13	0	4	0	3	1	C(=C)C(=O)CC1N=NC(C(C)(C)C)=N1
27	C(CC)1=CC=CC=C1	2017-03-22 20:57:14	2017-03-22 20:57:22	0	0	0	3	1	C(CC)1=CC=CC=C1
27	C1C=CC=C(B2OCCO2)C=1C(=O)NC1C=C(C(F)(F)F)C=C(C(F)(F)F)C=1	2017-03-22 20:57:24	2017-03-22 20:58:40	8	0	0	1	1	C1=CC(B2OCCO2)=C(C(=O)NC2=CC(C(F)(F)F)=CC(C(F)(F)F)=C2)C=C1
27	C1=CC(Cl)=NC(Cl)=C1C(/C(=C/NC(CO)C)/C(=O)OCC)=O	2017-03-22 20:58:41	2017-03-22 20:58:53	0	2	0	3	1	C1=CC(Cl)=NC(Cl)=C1C(/C(=C/NC(CO)C)/C(=O)OCC)=O
27	C(CC)1=CC=CC=C1	2017-03-22 20:58:54	2017-03-22 20:59:00	0	0	0	1	1	C(CC)1=CC=CC=C1
